r0,r1,r2,r3,r4,r5,r6,r7,r8,r9,r10,r11,r12,r13,r14,r15,r16,r17,r18,r19,r20,r21,r22,r23,r24,r25,r26,r27,r28,r29,r30,r31,r32,r33,r34,r35,r36,r37,r38,r39,r40,r41,r42,r43,r44,r45,r46,r47,r48,r49,r50,r51,r52,r53,r54,r55,r56,r57,r58,r59,r60,r61,r62,r63,r64,r65,r66,r67,r68,r69,r70,r71,r72,r73,r74,r75,r76,r77,r78,r79,r80,r81,r82,r83,r84,r85,r86,r87,r88,r89,r90,r91,r92,r93,r94,r95,r96,r97,r98,r99,r100,r101,r102,r103,r104,r105,r106,r107,r108,r109,r110,r111,r112,r113,r114,r115,r116,r117,r118,r119,r120,r121,r122,r123,r124,r125,r126,r127,r128,r129,r130,r131,r132,r133,r134,r135,r136,r137,r138,r139,r140,r141,r142,r143,r144,r145,r146,r147,r148,r149,r150,r151,r152,r153,r154,r155,r156,r157,r158,r159,r160,r161,r162,r163,r164,r165,r166,r167,r168,r169,r170,r171,r172,r173,r174,r175,r176,r177,r178,r179,r180,r181,r182,r183,r184,r185,r186,r187,r188,r189,r190,r191,r192,r193,r194,r195,r196,r197,r198,r199,r200,r201,r202,r203,r204,r205,r206,r207,r208,r209,r210,r211,r212,r213,r214,r215,r216,r217,r218,r219,r220,r221,r222,r223,r224,r225,r226,r227,r228,r229,r230,r231,r232,r233,r234,r235,r236,r237,r238,r239,r240,r241,r242,r243,r244,r245,r246,r247,r248,r249,r250,r251,r252,r253,r254,r255,g0,g1,g2,g3,g4,g5,g6,g7,g8,g9,g10,g11,g12,g13,g14,g15,g16,g17,g18,g19,g20,g21,g22,g23,g24,g25,g26,g27,g28,g29,g30,g31,g32,g33,g34,g35,g36,g37,g38,g39,g40,g41,g42,g43,g44,g45,g46,g47,g48,g49,g50,g51,g52,g53,g54,g55,g56,g57,g58,g59,g60,g61,g62,g63,g64,g65,g66,g67,g68,g69,g70,g71,g72,g73,g74,g75,g76,g77,g78,g79,g80,g81,g82,g83,g84,g85,g86,g87,g88,g89,g90,g91,g92,g93,g94,g95,g96,g97,g98,g99,g100,g101,g102,g103,g104,g105,g106,g107,g108,g109,g110,g111,g112,g113,g114,g115,g116,g117,g118,g119,g120,g121,g122,g123,g124,g125,g126,g127,g128,g129,g130,g131,g132,g133,g134,g135,g136,g137,g138,g139,g140,g141,g142,g143,g144,g145,g146,g147,g148,g149,g150,g151,g152,g153,g154,g155,g156,g157,g158,g159,g160,g161,g162,g163,g164,g165,g166,g167,g168,g169,g170,g171,g172,g173,g174,g175,g176,g177,g178,g179,g180,g181,g182,g183,g184,g185,g186,g187,g188,g189,g190,g191,g192,g193,g194,g195,g196,g197,g198,g199,g200,g201,g202,g203,g204,g205,g206,g207,g208,g209,g210,g211,g212,g213,g214,g215,g216,g217,g218,g219,g220,g221,g222,g223,g224,g225,g226,g227,g228,g229,g230,g231,g232,g233,g234,g235,g236,g237,g238,g239,g240,g241,g242,g243,g244,g245,g246,g247,g248,g249,g250,g251,g252,g253,g254,g255,b0,b1,b2,b3,b4,b5,b6,b7,b8,b9,b10,b11,b12,b13,b14,b15,b16,b17,b18,b19,b20,b21,b22,b23,b24,b25,b26,b27,b28,b29,b30,b31,b32,b33,b34,b35,b36,b37,b38,b39,b40,b41,b42,b43,b44,b45,b46,b47,b48,b49,b50,b51,b52,b53,b54,b55,b56,b57,b58,b59,b60,b61,b62,b63,b64,b65,b66,b67,b68,b69,b70,b71,b72,b73,b74,b75,b76,b77,b78,b79,b80,b81,b82,b83,b84,b85,b86,b87,b88,b89,b90,b91,b92,b93,b94,b95,b96,b97,b98,b99,b100,b101,b102,b103,b104,b105,b106,b107,b108,b109,b110,b111,b112,b113,b114,b115,b116,b117,b118,b119,b120,b121,b122,b123,b124,b125,b126,b127,b128,b129,b130,b131,b132,b133,b134,b135,b136,b137,b138,b139,b140,b141,b142,b143,b144,b145,b146,b147,b148,b149,b150,b151,b152,b153,b154,b155,b156,b157,b158,b159,b160,b161,b162,b163,b164,b165,b166,b167,b168,b169,b170,b171,b172,b173,b174,b175,b176,b177,b178,b179,b180,b181,b182,b183,b184,b185,b186,b187,b188,b189,b190,b191,b192,b193,b194,b195,b196,b197,b198,b199,b200,b201,b202,b203,b204,b205,b206,b207,b208,b209,b210,b211,b212,b213,b214,b215,b216,b217,b218,b219,b220,b221,b222,b223,b224,b225,b226,b227,b228,b229,b230,b231,b232,b233,b234,b235,b236,b237,b238,b239,b240,b241,b242,b243,b244,b245,b246,b247,b248,b249,b250,b251,b252,b253,b254,b255,class
0,0,0,0,0,0,0,0,0,0,0,0,0,0,0,0,0,0,0,0,0,0,0,0,0,0,0,0,0,0,0,0,0,0,0,0,0,0,0,0,0,0,0,0,0,0,0,0,0,0,0,0,0,0,0,1,4,29,177,668,1534,2604,4800,12056,32046,68500,115928,162478,208072,244608,263194,264061,271473,285961,298798,301909,294927,273690,245886,222218,208680,201787,201093,198882,195508,196793,201686,208800,217949,225838,239358,256296,275052,289260,301040,311729,317653,304699,271320,238734,208556,184393,165587,155950,156073,163402,175769,190570,207631,223945,237703,243180,240380,227761,208821,188657,166281,148498,132554,118134,104272,92038,79515,67951,56633,46102,37384,30605,26036,22560,19883,17524,15955,14627,13261,11974,11238,10536,10335,10159,9316,8171,7130,6451,6033,5841,5558,4915,4220,3525,2978,2361,1993,1677,1574,1703,1754,2049,2412,2621,3052,3098,2924,2441,1897,1253,840,523,314,179,102,44,19,13,4,2,0,1,0,0,0,0,0,0,0,0,0,0,0,0,0,0,0,0,0,0,0,0,0,0,0,0,0,0,0,0,0,0,0,0,0,0,0,0,0,0,0,0,0,0,0,0,0,0,0,0,0,0,0,0,0,0,0,0,0,0,0,0,0,0,0,0,0,0,0,0,0,0,0,0,0,0,0,0,0,0,0,0,0,0,0,0,0,0,0,0,0,0,0,0,0,0,0,0,0,0,0,0,0,0,0,0,0,0,0,0,0,0,0,0,0,0,0,0,0,0,0,0,0,0,0,0,0,0,0,0,0,0,0,0,0,0,0,0,3,14,81,367,1154,2275,3880,8273,21225,46800,80222,112028,139505,163272,181025,198747,222502,243045,266141,296144,324145,325231,293702,254670,225457,206122,196753,193778,190225,183644,177964,175390,177605,186890,199534,215981,233832,254059,280366,312840,346286,371249,376653,362142,326670,276738,232050,202273,186358,179848,180688,187836,199735,212036,217728,218140,215125,208614,202260,192206,182624,169018,154814,137259,116978,97872,80691,66251,53456,42921,33448,26561,21649,18672,16807,15172,13481,12166,11265,10924,11148,11784,12546,12954,13167,13407,12988,12194,11317,10309,9077,7466,6287,5735,5187,4617,4036,3614,3136,2447,1920,1603,1508,1477,1491,1605,1740,2086,2325,2757,2994,3112,3004,2429,1741,1118,622,359,184,91,40,15,5,1,2,0,0,0,0,0,0,0,0,0,0,0,0,0,0,0,0,0,0,0,0,0,0,0,0,0,0,0,0,0,0,0,0,0,0,0,0,0,0,0,0,0,0,0,0,0,0,0,0,0,0,0,0,0,0,0,0,0,0,0,0,0,0,0,0,0,0,0,0,0,0,0,0,0,0,0,0,0,0,0,0,0,0,0,0,0,0,0,0,0,0,0,0,0,0,0,0,0,0,0,0,0,0,0,0,0,0,0,0,0,0,0,0,0,0,0,0,0,0,0,0,0,0,0,0,0,0,0,0,0,0,0,0,0,0,0,0,0,0,0,0,0,0,0,0,0,0,1,5,25,132,565,2115,5962,13624,25739,42226,64390,88592,105939,112460,109388,104586,103224,106760,112897,122836,132623,146292,162435,175444,188149,207477,241090,279631,301847,296484,273529,242355,219774,202314,186480,169344,155139,148566,148102,153785,162701,177935,200127,230090,263731,297958,328339,346767,351930,341579,318831,290735,258714,233432,222312,228572,243292,259394,268423,269701,263761,249284,228396,207072,186433,168224,152445,137474,121784,105842,89212,73246,59046,45133,34480,27317,22326,19761,18182,16476,15341,14349,13908,13175,12611,12419,12169,12192,11958,11860,12276,12588,13175,13625,14317,14081,13310,11761,10386,8586,6897,5187,3899,2651,1952,1687,1584,1531,1576,1739,1937,2272,2508,2968,3206,2992,2641,1984,1353,802,497,242,127,55,24,13,4,1,1,0,0,0,0,0,0,0,0,0,0,0,0,0,0,0,0,0,0,0,0,0,0,0,0,0,0,0,0,0,0,0,0,0,0,0,0,0,0,0,0,0,0,0,0,0,0,0,0,0,0,0,0,0,0,limpo
0,0,0,0,0,0,0,0,0,0,0,0,0,0,0,0,0,0,0,0,0,0,0,0,0,0,0,0,0,0,0,0,0,0,0,0,0,0,0,0,0,0,0,1,0,0,0,0,1,22,121,118,153,144,116,129,131,173,163,215,312,375,399,405,441,356,332,345,377,432,532,664,945,1895,5140,13365,29229,52291,80242,111682,147458,185115,219414,245894,256505,245727,222453,204123,200595,209024,222486,246910,288769,338419,377934,399180,412047,422860,430752,435002,432723,431287,436076,450957,472260,498608,527696,546719,543808,511563,459248,390728,318626,249001,184832,131072,87608,56411,35910,23721,16432,12185,9216,7753,6911,6173,5750,5755,5772,5857,6240,6261,6507,6468,6312,6088,5486,5247,5159,4988,4710,4382,4152,3773,3542,3131,2711,2222,1749,1479,1077,898,689,578,512,502,410,406,312,246,196,109,56,26,2,2,1,0,0,0,0,0,0,0,0,0,0,0,0,0,0,0,0,0,0,0,0,0,0,0,0,0,0,0,0,0,0,0,0,0,0,0,0,0,0,0,0,0,0,0,0,0,0,0,0,0,0,0,0,0,0,0,0,0,0,0,0,0,0,0,0,0,0,0,0,0,0,0,0,0,0,0,0,0,0,0,0,0,0,0,0,0,0,0,0,0,0,0,0,0,0,0,0,0,0,0,0,0,0,0,0,0,0,0,0,0,0,0,0,0,0,0,0,0,0,0,0,0,0,0,0,0,0,0,0,0,0,0,0,0,0,0,0,0,1,0,8,80,99,104,117,132,114,120,120,160,135,140,132,182,253,392,457,497,539,616,536,503,541,563,694,891,1130,1497,2234,3781,8002,16994,32326,54023,80679,113808,152959,191204,224473,252501,272097,271121,251810,225992,208010,201750,205149,216969,242538,278326,325239,376930,417466,440867,450608,456516,453134,447830,442437,434982,419579,410179,412776,429016,449335,464048,464713,442070,394544,328231,258276,194479,141324,96026,60675,35385,21085,13486,10111,8155,7077,6427,6013,5764,5425,5178,5026,4932,4948,5059,5348,5561,5924,5912,6069,5901,5848,5569,5256,4998,4875,4630,4438,3909,3818,3456,3038,2842,2715,2514,2362,2083,1806,1499,1202,978,713,621,491,451,423,349,306,206,122,81,22,12,2,0,0,0,0,0,0,0,0,0,0,0,0,0,0,0,0,0,0,0,0,0,0,0,0,0,0,0,0,0,0,0,0,0,0,0,0,0,0,0,0,0,0,0,0,0,0,0,0,0,0,0,0,0,0,0,0,0,0,0,0,0,0,0,0,0,0,0,0,0,0,0,0,0,0,0,0,0,0,0,0,0,0,0,0,0,0,0,0,0,0,0,0,0,0,0,0,0,0,0,0,0,0,0,0,0,0,0,0,0,0,0,0,0,0,0,0,0,0,0,0,0,0,0,0,0,0,0,0,0,0,0,0,0,0,0,0,0,0,0,0,0,0,0,0,0,0,0,2,19,92,126,125,133,120,117,134,134,167,151,222,259,350,487,533,562,564,609,538,604,649,673,781,1135,1820,3076,5759,10251,16479,23414,33472,48052,67883,93951,124798,161908,195974,220353,227371,223244,215896,203527,190237,181365,182857,193380,218868,266048,331739,394274,438324,455551,455692,454091,463878,481363,491965,491351,486608,489668,500753,517253,524636,509997,469831,407770,333834,265337,210524,166398,125457,87171,55546,32662,19540,12791,9456,7756,6857,6273,6077,5858,5668,5441,5288,5085,4883,4972,5022,5120,5316,5654,6042,5936,5838,5729,5428,4998,4733,4452,4119,4017,3792,3557,3384,3021,2689,2373,2112,1888,1800,1739,1903,1927,1717,1439,1227,1108,881,799,600,554,433,363,262,160,105,46,13,4,3,2,2,1,0,2,1,1,1,0,0,0,0,0,0,0,0,0,0,0,0,0,0,0,0,0,0,0,0,0,0,0,0,0,0,0,0,0,0,0,0,0,0,0,0,0,0,0,0,0,0,0,0,0,limpo
0,0,0,0,0,0,0,0,0,0,0,0,0,0,0,0,0,0,0,0,0,0,1,1,0,8,18,29,29,22,18,8,12,18,12,30,36,27,18,24,37,15,23,30,24,22,23,26,24,15,27,18,24,22,28,29,53,52,66,51,67,61,66,96,123,191,269,321,431,590,891,1249,1450,1634,1726,2060,2870,4189,6320,8698,10622,11724,12605,14163,15683,17478,20438,28542,43339,62308,80225,98703,121077,152773,192762,232159,263806,281944,293473,297947,300403,306184,315340,331001,353609,385790,430446,479206,533385,583892,631991,669245,690992,691579,652589,577963,479348,381103,294000,230237,192991,177679,178810,178406,165288,132790,89263,51148,27733,16153,11595,9840,9032,8728,8303,7830,7361,6883,6542,6435,6484,6442,6280,6119,6033,5894,5946,6091,5700,5459,4874,4282,3423,2681,1904,1421,934,689,483,354,246,162,81,59,21,19,5,2,1,1,2,1,0,1,0,0,0,0,0,0,0,0,0,0,0,0,0,0,0,0,0,0,0,0,0,0,0,0,0,0,0,0,0,0,0,0,0,0,0,0,0,0,0,0,0,0,0,0,0,0,0,0,0,0,0,0,0,0,0,0,0,0,0,0,0,0,0,0,0,0,0,0,0,0,0,0,0,0,0,0,0,0,0,0,0,0,0,0,0,0,0,0,0,0,0,0,0,0,0,0,0,0,0,0,0,0,0,0,0,0,0,0,0,0,0,0,0,0,0,0,0,0,0,0,0,0,0,0,0,0,0,0,0,2,9,17,24,31,21,16,22,17,17,32,41,37,35,29,40,32,32,24,38,30,39,39,83,126,269,413,588,700,824,1085,1372,1772,2101,2792,4166,6699,9354,11425,12166,12415,13102,13687,14280,14083,13058,12667,13397,16707,25228,43415,75590,120799,174715,227847,272118,303310,317400,323626,322532,315387,303512,287957,280843,286670,304593,331172,360053,391897,430192,475965,537998,612564,685427,730853,726042,665301,558679,438510,332543,254612,207462,181878,168212,160508,142879,111186,73306,41804,21949,12117,8016,6322,5795,5456,5356,4895,5004,4675,4742,4875,4726,4645,4671,4574,4702,5159,5545,5975,6378,6425,6558,6565,6437,5954,5385,4589,3997,3313,2573,1967,1422,1046,756,633,457,359,256,174,114,49,24,23,4,2,0,0,1,0,0,0,0,0,0,0,0,0,0,0,0,0,0,0,0,0,0,0,0,0,0,0,0,0,0,0,0,0,0,0,0,0,0,0,0,0,0,0,0,0,0,0,0,0,0,0,0,0,0,0,0,0,0,0,0,0,0,0,0,0,0,0,0,0,0,0,0,0,0,0,0,0,0,0,0,0,0,0,0,0,0,0,0,0,0,0,0,0,0,0,0,0,0,0,0,0,0,0,0,0,0,0,0,0,0,0,0,0,0,0,0,0,0,0,0,0,0,0,0,0,0,0,0,0,0,0,0,1,2,16,18,37,26,16,19,10,22,14,22,21,25,40,33,35,29,33,35,28,41,33,39,55,49,61,58,66,63,90,105,161,280,417,674,1004,1264,1494,1655,2068,2854,4786,7301,9503,9910,9766,9726,11088,14146,20987,31493,43575,54868,64576,73695,80210,84796,90836,102377,121549,152176,190120,228666,260902,283415,299523,315202,328428,340794,354467,375023,407491,453558,514887,584839,665956,748329,800845,796204,732564,621568,492646,374266,275865,205919,162943,144576,146987,156935,159389,144161,108907,67123,35378,18621,10609,7339,6323,5618,5314,5148,4941,5034,4724,4719,4849,4828,4881,4890,4802,5010,5212,5513,6008,6255,6414,6452,6197,6076,5688,5328,4821,4319,3684,2916,2372,1740,1259,898,674,521,338,251,176,88,53,30,11,2,0,0,1,0,0,0,0,0,0,0,0,0,0,0,0,0,0,0,0,0,0,0,0,0,0,0,0,0,0,0,0,0,0,0,0,0,0,0,0,0,0,0,0,0,0,0,0,0,0,0,0,0,0,0,0,0,0,0,0,limpo
0,0,0,0,0,1,20,15,49,54,42,71,97,120,171,148,144,128,118,98,109,115,123,133,147,205,291,328,318,314,335,328,356,331,357,433,471,501,495,541,565,633,631,659,709,696,745,800,804,932,1016,1021,1093,1136,1235,1296,1465,1659,2134,3079,5840,13099,27253,49273,77189,102573,117602,117340,109050,98101,90406,85118,79733,73109,65525,60017,59008,64636,81916,112490,153751,207050,274472,359642,455015,537091,576588,568173,529194,484829,448706,422429,404895,390658,379471,376907,390871,408374,417951,407344,379485,335986,287099,239972,204053,179049,161115,146526,131268,118203,105997,95403,88158,86542,86423,86524,85267,79871,65839,49276,36380,28197,22159,18322,15890,13719,12321,11042,10155,9756,9109,9081,8338,7592,6624,5830,5261,4844,4353,3534,2690,2159,1806,1535,1293,959,664,412,298,151,91,46,23,4,2,0,0,0,0,0,0,0,0,0,0,0,0,0,0,0,0,0,0,0,0,0,0,0,0,0,0,0,0,0,0,0,0,0,0,0,0,0,0,0,0,0,0,0,0,0,0,0,0,0,0,0,0,0,0,0,0,0,0,0,0,0,0,0,0,0,0,0,0,0,0,0,0,0,0,0,0,0,0,0,0,0,0,0,0,0,0,0,0,0,0,0,0,0,0,0,0,0,0,0,0,0,0,0,0,0,0,0,0,0,0,0,0,0,0,0,0,0,0,0,0,0,0,0,0,1,20,15,44,60,49,68,72,125,173,173,151,134,123,116,112,120,136,131,200,280,335,325,344,362,373,412,371,398,462,483,537,588,682,659,730,647,755,749,716,825,934,1091,1432,1665,1982,2527,3874,7151,15636,32322,54188,76221,92539,101312,101203,94703,89324,87836,92485,102001,115453,134591,157942,186459,233989,307727,396941,485787,546281,560289,540483,501756,458435,420354,388076,358057,332780,319493,318168,329322,342581,352742,356598,356899,356630,351347,326969,287527,241744,205219,180070,159548,141280,122927,106266,93184,83526,79599,79747,81118,82180,81005,74794,61482,46045,34487,28462,24911,22092,19946,17184,14871,13443,12318,11457,10638,9589,7896,6940,6026,4836,3832,2730,1979,1362,1147,959,842,663,592,499,470,442,432,420,288,252,140,88,46,23,4,2,0,0,0,0,0,0,0,0,0,0,0,0,0,0,0,0,0,0,0,0,0,0,0,0,0,0,0,0,0,0,0,0,0,0,0,0,0,0,0,0,0,0,0,0,0,0,0,0,0,0,0,0,0,0,0,0,0,0,0,0,0,0,0,0,0,0,0,0,0,0,0,0,0,0,0,0,0,0,0,0,0,0,0,0,0,0,0,0,0,0,0,0,0,0,0,0,0,0,0,0,0,0,0,0,0,0,0,0,0,0,0,0,0,0,0,0,0,0,0,0,0,0,1,27,30,65,95,97,151,180,157,159,119,111,100,120,105,124,133,189,258,311,285,291,315,333,363,358,390,421,449,429,470,567,605,654,649,673,719,715,634,734,831,813,865,935,1016,1106,1207,1325,1570,1585,1865,2801,5616,13440,29975,58045,87540,107611,113514,107643,95617,89177,87256,86084,81651,75296,69983,67552,70889,82053,103773,136671,182944,229496,282821,340941,402417,457111,495330,504341,490400,458873,421086,388416,363042,343111,333450,332137,340812,358767,373896,385338,385682,376995,348780,304220,257626,219768,194861,178884,165460,150427,134640,118574,104020,94550,88470,86537,86692,85889,80216,66449,51272,39964,32348,27507,24616,21888,19912,18398,17545,16353,15243,14057,12866,11364,9684,7972,6690,5261,4001,2653,1880,1296,1098,866,693,588,509,415,310,265,146,91,48,24,5,3,4,1,2,1,1,0,0,0,0,0,0,0,0,0,0,0,0,0,0,0,0,0,0,0,0,0,0,0,0,0,0,0,0,0,0,0,0,0,0,0,0,0,0,0,0,0,0,0,0,0,0,0,0,0,0,0,0,0,0,0,0,0,0,0,0,0,0,0,0,0,0,0,0,0,0,limpo
0,0,0,0,0,0,0,0,0,0,0,0,0,0,0,0,0,0,0,0,0,0,0,0,0,0,0,0,0,0,0,0,0,0,0,0,0,0,0,0,0,0,0,0,0,0,0,5,3,3,7,9,14,35,88,171,258,256,266,273,366,409,499,702,1450,3506,7092,11612,15767,19301,21004,22452,26566,36963,53882,72175,85054,93669,97975,97338,95405,94708,93227,94691,96603,100026,104402,109443,113617,119435,124795,131636,138258,144376,155796,178082,213335,257476,293439,317469,328844,339510,351511,364942,379235,388239,388428,382113,375495,376478,379367,378552,374260,367467,356486,342856,325350,307935,286932,269892,252399,233873,209897,184439,163195,146948,136836,129632,122253,112083,99541,85743,71469,58028,46611,37451,31462,26754,23617,20320,16721,13274,10165,8070,6615,5509,4603,3622,2961,2189,1498,977,578,325,147,68,28,11,4,2,0,0,1,0,0,0,0,0,0,0,0,0,0,0,0,0,0,0,0,0,0,0,0,0,0,0,0,0,0,0,0,0,0,0,0,0,0,0,0,0,0,0,0,0,0,0,0,0,0,0,0,0,0,0,0,0,0,0,0,0,0,0,0,0,0,0,0,0,0,0,0,0,0,0,0,0,0,0,0,0,0,0,0,0,0,0,0,0,0,0,0,0,0,0,0,0,0,0,0,0,0,0,0,0,0,0,0,0,0,0,0,0,0,0,0,0,0,0,0,0,0,0,0,0,0,0,0,0,0,0,0,0,0,0,0,0,0,0,0,0,0,0,0,0,0,0,0,0,0,0,0,0,0,0,0,0,0,0,0,0,8,6,14,27,43,69,116,239,392,570,609,671,694,735,738,936,1054,1648,3384,7116,15067,29128,50694,76644,99078,110068,113085,115460,116417,115192,113827,117410,127823,142415,157994,178119,205347,241033,278166,314996,345550,361095,367784,369428,369547,371501,376928,378434,376922,370103,358478,342322,323708,309615,299501,293342,291122,291043,294796,295071,290243,280416,272426,263416,253111,239187,219507,200030,180161,164726,151723,140705,131313,121926,108269,93238,76144,57979,41159,28426,20138,14840,11527,9256,8108,7028,6619,6271,6014,5806,5395,5161,5276,5441,5250,4805,4219,3383,2630,1915,1220,736,410,176,93,35,14,5,2,0,0,0,0,0,0,0,0,0,0,0,0,0,0,0,0,0,0,0,0,0,0,0,0,0,0,0,0,0,0,0,0,0,0,0,0,0,0,0,0,0,0,0,0,0,0,0,0,0,0,0,0,0,0,0,0,0,0,0,0,0,0,0,0,0,0,0,0,0,0,0,0,0,0,0,0,0,0,0,0,0,0,0,0,0,0,0,0,0,0,0,0,0,0,0,0,0,0,0,0,0,0,0,0,0,0,0,0,0,0,0,0,0,0,0,0,0,0,0,0,0,0,0,0,0,0,0,0,0,0,0,0,0,0,0,0,0,0,0,0,0,0,0,0,0,0,0,0,0,0,0,0,0,0,0,0,0,0,0,1,8,40,102,240,280,342,623,1442,3767,7440,11771,15750,19065,22024,26077,31876,40944,54099,68715,80975,87142,86845,84070,80805,76918,75028,74831,76543,78975,79925,81842,84777,89085,93735,99088,105755,109631,114314,116732,116956,116079,118861,131615,156129,189758,226634,253515,265532,263792,264018,275237,296525,321691,340346,353496,368167,385735,401552,415028,426166,437703,445770,448324,438406,416081,384402,348769,312115,274724,241319,213212,190254,172757,153452,133385,112381,90324,69622,53288,40645,32534,27671,24968,22204,18837,14925,11352,8789,7085,6341,5919,5587,5369,5182,5188,5438,5343,5028,4451,3692,2747,2018,1377,830,479,262,109,48,27,9,2,2,0,0,0,0,0,0,0,0,0,0,0,0,0,0,0,0,0,0,0,0,0,0,0,0,0,0,0,0,0,0,0,0,0,0,0,0,0,0,0,0,0,0,0,0,0,0,0,0,0,0,0,0,0,0,0,0,0,0,0,0,0,0,0,0,0,0,0,limpo
0,0,0,0,0,0,0,0,0,0,0,0,0,0,0,0,0,0,0,0,0,0,0,0,0,0,0,0,0,0,0,0,0,0,0,0,0,0,0,0,0,0,0,0,0,0,0,0,0,0,0,0,0,3,19,46,126,129,138,135,159,224,289,336,422,705,1378,2934,4992,6519,8515,13195,21948,32663,43605,51543,57802,61511,64153,66349,71200,77006,81598,83839,86049,92359,101644,115020,130463,147145,161778,173351,191233,219065,260945,315260,372519,427540,472634,498260,499772,481356,456002,421227,380066,338713,294664,249950,207207,174444,155042,149563,158002,175799,199907,229075,259581,286858,310397,319775,316780,299985,276779,252297,229458,208884,188155,168204,146540,124303,103326,84688,69168,56046,43744,33801,25292,18524,12696,8605,5829,3900,2994,2791,2985,2990,3145,3167,2943,2872,2581,2252,1938,1545,1260,948,661,449,239,150,84,27,14,10,2,2,1,0,0,0,0,0,0,0,0,0,0,0,0,0,0,0,0,0,0,0,0,0,0,0,0,0,0,0,0,0,0,0,0,0,0,0,0,0,0,0,0,0,0,0,0,0,0,0,0,0,0,0,0,0,0,0,0,0,0,0,0,0,0,0,0,0,0,0,0,0,0,0,0,0,0,0,0,0,0,0,0,0,0,0,0,0,0,0,0,0,0,0,0,0,0,0,0,0,0,0,0,0,0,0,0,0,0,0,0,0,0,0,0,0,0,0,0,0,0,0,0,0,0,0,0,0,0,0,0,0,0,0,0,0,0,0,0,0,0,0,0,0,0,0,0,0,0,0,0,3,21,58,139,129,146,146,197,314,555,1170,2311,3819,5017,6741,8870,11367,14840,18443,22241,24265,26005,26291,26318,28181,32351,42207,55975,68220,76720,82391,92636,105328,119387,132583,147587,165766,181777,197426,216709,253457,312681,392093,473926,540056,577846,567142,521683,461520,401611,345125,292429,243136,203835,174324,153467,136879,123748,114363,111445,117956,135713,165041,206120,253833,299137,335720,354607,352663,334880,309083,279120,247907,220455,193379,167177,140801,113283,88395,67882,52435,40612,32011,25429,19839,15010,10525,7014,4400,2628,1730,1277,1071,1053,1095,1162,1438,1619,1788,1943,1976,2060,2197,2298,2321,2351,2532,2441,2057,1661,1274,971,735,585,409,307,166,115,58,17,8,7,5,1,1,0,0,0,0,0,0,0,0,0,0,0,0,0,0,0,0,0,0,0,0,0,0,0,0,0,0,0,0,0,0,0,0,0,0,0,0,0,0,0,0,0,0,0,0,0,0,0,0,0,0,0,0,0,0,0,0,0,0,0,0,0,0,0,0,0,0,0,0,0,0,0,0,0,0,0,0,0,0,0,0,0,0,0,0,0,0,0,0,0,0,0,0,0,0,0,0,0,0,0,0,0,0,0,0,0,0,0,0,0,0,0,0,0,0,0,0,0,0,0,0,0,0,0,0,0,0,0,0,0,0,0,0,0,0,0,0,0,0,0,0,0,0,0,0,0,0,0,0,0,0,0,0,0,3,21,58,139,129,148,147,216,396,820,1620,2783,4291,7390,12617,19734,29903,40906,50079,56291,60573,64706,66787,66424,65136,63976,64084,65443,68892,74104,80460,87911,96219,103674,112398,122322,133165,145945,163624,191937,227361,268053,313976,369779,432357,491710,523631,521555,494626,460512,423543,382003,336803,285704,235299,195852,172719,168556,184056,214190,258517,308717,352561,378267,377189,351896,315072,277997,245481,218220,192785,169642,145510,122795,100374,79704,62297,47555,35557,25587,17510,11770,7296,4299,2654,1744,1200,975,966,960,1006,1057,1290,1338,1469,1416,1554,1495,1678,1870,2053,2128,2387,2346,2321,2249,1979,1790,1501,1095,787,583,392,268,121,79,56,17,6,8,5,1,2,0,0,0,0,0,0,0,0,0,0,0,0,0,0,0,0,0,0,0,0,0,0,0,0,0,0,0,0,0,0,0,0,0,0,0,0,0,0,0,0,0,0,0,0,0,0,0,0,0,0,0,0,limpo
0,0,0,0,0,0,0,0,0,0,0,0,0,3,16,16,18,11,11,10,12,22,9,14,21,19,24,27,22,28,25,35,41,35,73,127,131,153,177,201,245,337,457,557,730,954,942,731,515,415,391,368,382,356,316,303,251,282,363,325,358,415,649,980,1243,1584,1832,1961,2137,2187,2337,2682,3302,4885,8812,16787,31758,53279,80824,106705,121514,126965,127180,125440,127232,132627,138585,142076,143765,144070,142999,144312,152987,170878,201904,245838,296293,342940,382446,413269,432089,437680,434113,430934,427542,426903,428941,434684,444086,456796,469480,479287,485381,473624,447589,401579,345492,286330,234586,186262,145779,113069,86782,65414,49969,38518,29638,22924,17547,13140,9755,7510,6186,4891,4449,3830,3300,2913,2564,2324,2109,2159,2200,2464,2438,2490,2344,2023,1633,1224,915,842,775,671,649,578,461,329,213,160,54,31,15,4,1,0,0,0,0,0,0,0,0,0,0,0,0,0,0,0,0,0,0,0,0,0,0,0,0,0,0,0,0,0,0,0,0,0,0,0,0,0,0,0,0,0,0,0,0,0,0,0,0,0,0,0,0,0,0,0,0,0,0,0,0,0,0,0,0,0,0,0,0,0,0,0,0,0,0,0,0,0,0,0,0,0,0,0,0,0,0,0,0,0,0,0,0,37,16,10,12,9,11,18,9,16,17,19,24,22,24,29,21,31,49,73,97,112,159,234,246,243,339,357,391,430,429,445,417,408,446,390,280,296,291,290,213,214,240,282,285,289,288,288,263,290,291,295,257,334,370,398,458,526,631,790,944,1140,1279,1500,1857,2205,2065,2088,2318,2444,2665,2891,3253,3420,4180,5387,7322,10777,17005,27457,42361,62975,86375,114513,141760,161598,169290,165755,152175,136884,124013,118813,118767,123238,128331,129161,126631,126031,131700,147745,176932,219188,275223,333606,378463,400454,407382,404217,400224,398178,400616,403312,403789,403790,400405,398783,395738,395055,399250,409082,421810,424413,409040,369341,309847,244782,184041,134662,98023,73388,56045,43526,34474,26731,20272,15123,10956,8189,5998,4559,3821,3234,2966,2775,2770,2778,2759,2488,2262,1998,1846,1647,1576,1527,1549,1563,1696,1804,1875,1765,1631,1551,1382,1225,1091,900,775,691,607,479,404,326,230,116,75,25,16,6,1,1,0,0,0,0,0,0,0,0,0,0,0,0,0,0,0,0,0,0,0,0,0,0,0,0,0,0,0,0,0,0,0,0,0,0,0,0,0,0,0,0,0,0,0,0,0,0,0,0,0,0,0,0,0,0,0,0,0,0,0,0,0,0,0,0,0,0,0,0,0,0,0,0,0,0,0,0,0,0,0,0,0,0,0,0,0,0,0,0,3,17,17,16,10,11,10,10,16,13,13,20,19,20,24,24,25,25,29,47,61,83,86,122,159,193,224,252,240,286,314,406,448,387,406,449,493,447,343,333,358,281,248,267,243,248,229,263,264,300,273,299,349,330,336,401,474,516,619,717,696,841,938,1084,1149,1358,1643,1870,1933,1948,2044,2132,2271,2378,2604,2627,2713,2972,3336,3732,4314,5032,5294,5468,6549,8356,12268,19822,32138,49547,71984,97488,121933,139160,151446,156757,158923,153923,143945,131952,123560,118254,116378,117448,118585,117583,120153,132255,161382,206583,260516,308939,347324,378572,402707,424277,442373,456131,465581,467504,464532,454038,449290,447158,456712,474209,489456,496692,474841,424746,354222,282066,217915,164255,121240,88765,65578,47953,35502,26384,19771,15290,11451,8681,6657,4946,3878,3453,3079,2965,2908,2898,2896,2920,2724,2505,2249,1971,1720,1534,1442,1324,1206,1306,1279,1274,1328,1361,1468,1600,1583,1572,1445,1158,816,663,569,492,426,378,296,172,94,66,21,14,6,1,1,0,0,0,0,0,0,0,0,0,0,0,0,0,0,0,0,0,0,0,0,0,0,0,0,0,0,0,0,0,0,0,0,0,0,0,0,0,0,0,0,0,0,0,0,0,0,0,0,0,0,0,0,0,0,0,limpo
0,59,145,19,61,34,12,16,12,13,10,7,11,6,13,12,8,6,6,9,12,9,11,5,7,7,10,5,7,13,11,21,25,45,122,674,3653,12716,23839,28277,27141,24458,21352,20263,21215,25865,34390,44165,57414,75040,91783,106618,120770,135890,147643,152613,149888,133968,107783,79916,57711,41873,31512,25651,25478,31682,43716,56643,66899,72390,71163,66036,60494,59667,62876,68064,71203,70526,66951,63928,64033,69216,78474,88494,97538,104001,107824,108542,106732,104716,104256,106316,110661,117008,128033,139585,151297,159603,168588,181949,204880,244094,299764,361966,411929,443203,445700,431126,407271,380597,354435,326443,295661,262783,232459,202346,174997,151738,132251,115857,100093,87060,74901,65455,57690,50905,44958,40058,37609,35897,33527,31373,29166,27054,26104,25041,24000,22896,20354,18069,15641,13213,11521,10496,9666,8640,7881,6994,6307,5642,5201,4680,4320,4010,3903,3798,3669,3845,3944,3825,3562,3360,3091,2920,2806,2731,2678,2652,2791,2879,2847,2905,2987,2758,2577,2340,2283,2036,2085,1940,1862,1771,1537,1287,1123,953,912,804,746,705,547,535,417,411,373,321,318,290,237,231,221,169,181,154,153,147,139,136,148,141,141,121,70,42,40,15,11,4,4,4,2,5,1,3,2,0,0,0,0,0,0,0,0,0,0,0,0,0,0,0,0,0,0,0,0,0,0,0,0,0,0,0,0,0,0,0,0,369,30,8,3,3,6,5,10,8,8,9,9,5,10,13,8,12,7,4,13,6,14,6,3,5,11,4,6,6,11,19,15,34,113,674,3633,12703,23834,28276,27131,24476,21358,20263,21216,25846,34396,44163,57418,75005,91763,106631,120763,135896,147669,152651,149870,133956,107734,79826,57609,41722,31176,24839,22472,25641,35933,48521,58797,66167,67062,63955,57891,53062,50143,49530,51191,54046,57241,61331,66987,71838,74203,76893,78413,80119,81044,82039,85186,89308,92042,93140,91962,93254,96539,99689,102213,105284,110040,116827,125519,132117,138090,148268,163012,185727,213788,247975,293668,344045,381372,396012,393257,378504,360629,340721,319732,298225,275196,250916,227466,204765,181115,158539,140551,125991,111851,97470,84989,74659,67046,61122,55750,50518,45807,41135,37195,33291,30193,27160,24926,23849,21925,19659,17493,15466,14146,13091,12462,11842,10867,10454,9704,8782,7996,7051,6328,5716,5306,4871,4525,4343,4307,4136,4196,3908,3628,3289,3192,3107,3072,3024,3070,3213,3113,3177,2902,2788,2531,2456,2366,2313,2117,1901,1518,1341,1115,955,912,922,832,789,686,580,543,462,433,377,367,315,297,280,212,215,181,167,167,144,165,138,156,107,130,74,43,31,18,10,4,5,1,4,1,2,5,2,2,3,2,0,0,0,0,0,0,0,0,0,0,0,0,0,0,0,0,0,0,0,0,0,0,0,0,0,0,0,0,413,30,12,9,7,9,8,10,7,9,15,10,13,9,11,10,8,11,12,9,6,8,5,11,13,13,20,21,30,33,39,62,100,184,732,3715,12762,23967,28526,27441,24862,21989,21749,24171,29467,38130,48556,61287,76745,91185,104249,117220,131665,143600,149456,147736,132553,107037,79560,57352,41555,30923,24397,21231,21723,27170,37567,51940,64197,66950,64468,58939,53499,47089,42599,39561,39051,39958,42665,44807,47659,51367,56200,61716,68486,72910,74443,73545,72853,71544,71448,72630,74715,77747,80238,82249,83038,83457,84666,83391,80425,78320,78363,83067,89575,95770,100509,102574,105282,105655,103326,102152,104292,113445,133994,161747,191597,225735,267461,310466,339602,354204,360759,361329,357612,342116,319190,291945,261953,232218,205614,183448,164246,146410,131351,117018,104789,93837,85927,77148,71733,66777,60637,55037,49398,44518,39850,35143,30394,26655,23807,21717,19295,17215,15063,13143,12816,12318,11840,11825,12000,12202,12042,11615,10902,9918,8874,7936,7217,6340,5907,5423,5052,4702,4306,4246,3997,3983,4026,4136,3980,3717,3265,3106,2724,2546,2285,2008,1857,1587,1412,1296,1065,972,855,817,732,701,626,587,521,451,365,346,337,289,272,203,178,186,162,152,100,129,65,33,36,20,19,11,8,7,3,2,2,5,1,2,4,2,3,2,0,0,0,0,0,0,0,0,0,0,0,0,0,0,0,0,0,0,0,0,0,0,0,limpo
0,244,558,718,777,586,545,620,595,712,929,1082,1101,939,1043,982,972,981,1029,1111,1147,1218,1317,1446,1474,1472,1727,1925,2135,2282,2215,2247,2342,2174,1997,1929,1888,1865,1874,1829,1710,1650,1721,1753,1794,1753,1649,1795,1849,1814,1834,1994,1976,1909,1896,2216,3254,6375,11795,21647,38806,61519,76229,82094,82946,81651,82379,79428,75746,71367,66216,64905,69215,80592,99989,118922,132758,138545,140775,142416,148110,160686,181580,202608,212480,209043,197891,186957,183717,186516,188429,191609,196683,201911,206743,209399,209144,210563,214123,217280,226258,234021,240262,248772,264480,289379,315609,339942,353950,355166,346704,335189,323757,313838,302737,287089,271763,250804,229258,205209,182151,159613,138911,119008,103268,89917,79135,68088,57817,48881,42413,36560,32505,29441,26253,22656,19201,16067,13391,10992,9558,8653,8141,7970,7692,7348,7067,6568,6254,6198,6363,6686,6543,6224,5806,4881,3657,2676,1864,1070,626,304,128,48,28,5,3,3,0,0,0,0,0,0,0,0,0,0,0,0,0,0,0,0,0,0,0,0,0,0,0,0,0,0,0,0,0,0,0,0,0,0,0,0,0,0,0,0,0,0,0,0,0,0,0,0,0,0,0,0,0,0,0,0,0,0,0,0,0,0,0,0,0,0,0,0,0,0,0,0,0,0,0,0,0,0,0,0,0,0,0,0,0,0,0,0,0,0,0,0,0,0,0,0,0,0,0,0,0,0,0,0,0,0,0,15,167,513,712,790,603,540,623,606,731,866,932,921,861,984,915,891,953,1032,1058,1178,1219,1431,1529,1615,1620,1745,2022,2246,2164,2231,2088,2157,2148,2123,2295,2138,2057,2058,1873,1862,1936,1868,1881,2003,2058,2212,3632,9618,26705,55090,79705,91339,84815,72726,67355,73612,93875,122566,152466,173180,178241,176523,184201,211105,239521,248955,235245,209772,190282,185833,195292,214298,229882,235090,229642,219269,208761,202462,195662,188527,184673,187413,192328,195218,201321,210373,222004,231542,246501,263610,282512,298853,303995,297461,284498,275003,271759,273286,279487,284825,288426,281005,264070,242956,219811,193880,167340,140421,115203,92614,73791,59581,48500,39878,33839,29652,26960,25234,24225,24265,23867,24156,23450,21972,19593,17243,15216,13282,11662,9973,8078,6953,6078,5893,6126,6595,6663,6448,5250,3902,2654,1740,1016,612,383,193,102,53,9,4,2,1,1,0,0,0,0,0,0,0,0,0,0,0,0,0,0,0,0,0,0,0,0,0,0,0,0,0,0,0,0,0,0,0,0,0,0,0,0,0,0,0,0,0,0,0,0,0,0,0,0,0,0,0,0,0,0,0,0,0,0,0,0,0,0,0,0,0,0,0,0,0,0,0,0,0,0,0,0,0,0,0,0,0,0,0,0,0,0,0,0,0,0,0,0,0,0,0,0,0,0,0,0,0,0,0,0,0,0,0,0,0,0,0,0,0,0,0,0,6,129,495,698,738,624,515,543,615,721,867,864,882,940,946,936,910,1011,972,991,1074,1253,1285,1552,1506,1497,1509,1688,2040,2134,2168,2170,2322,2281,2191,2159,2193,2023,1943,1857,1896,1848,1737,1811,1845,1898,1958,1920,1950,2052,2113,2960,6368,15987,36327,64320,86130,92401,80210,64485,58173,62791,70764,76764,79818,81565,81905,83621,88272,100061,116243,128361,131423,129675,128139,134716,147914,165380,181242,190271,195758,199865,203334,205605,206040,202909,201295,199786,199658,198384,194239,185939,181394,177166,173849,176473,184448,197803,217488,241631,261347,276059,281269,289141,302787,323074,341742,352286,351941,339961,322502,301617,278204,253534,228895,204644,182763,161560,142458,123516,105806,90592,77856,66284,57283,49979,43648,37911,32623,27923,24154,21708,20800,20447,21036,21238,21094,20790,20416,18888,17091,15292,13745,12475,11401,10049,8443,7173,6119,5540,5394,5436,5540,5720,5449,5152,4783,4409,3406,2431,1483,744,320,122,45,23,7,3,3,0,0,0,0,0,0,0,0,0,0,0,0,0,0,0,0,0,0,0,0,0,0,0,0,0,0,0,0,0,0,0,0,0,0,0,0,0,0,0,0,0,0,0,0,0,0,0,0,0,0,0,0,0,0,limpo
0,0,0,0,0,0,0,0,0,0,0,0,0,0,0,0,0,0,0,0,0,0,0,0,0,0,0,1,35,197,355,360,316,320,367,412,413,446,448,371,467,478,459,505,590,753,904,1012,1166,1468,1581,1800,1997,2258,2893,3399,3818,4561,4963,5007,5681,6287,7401,10176,17526,35179,68835,121778,187362,248711,283078,280984,254857,219779,192832,175302,166912,166287,176773,204679,251722,311210,370234,416811,438397,429781,409486,391750,378777,367743,361297,356809,350445,344071,337689,334874,338912,353004,373189,388562,386810,359589,310845,257784,212168,175677,147999,126424,107853,92620,80232,70131,62150,54961,47807,40722,34173,28378,22719,18968,16602,14954,13764,13047,11802,10560,9161,7814,6577,5755,5168,5180,4775,4687,4338,4184,3967,3596,3173,2780,2452,2050,1593,1276,941,630,444,252,184,94,40,18,12,6,5,3,1,1,1,0,0,1,0,0,0,0,0,0,0,0,0,0,0,0,0,0,0,0,0,0,0,0,0,0,0,0,0,0,0,0,0,0,0,0,0,0,0,0,0,0,0,0,0,0,0,0,0,0,0,0,0,0,0,0,0,0,0,0,0,0,0,0,0,0,0,0,0,0,0,0,0,0,0,0,0,0,0,0,0,0,0,0,0,0,0,0,0,0,0,0,0,0,0,0,0,0,0,0,0,0,0,0,0,0,0,0,0,0,0,0,1,26,154,293,313,278,280,311,345,299,308,323,338,388,327,333,377,355,430,432,407,457,461,489,503,562,669,835,950,1068,1268,1457,1761,2324,2641,2768,2962,3005,3164,3211,3032,3088,3185,3398,3540,3564,3715,3682,3916,4501,5106,5652,6059,6511,7448,10116,16966,31779,58918,98533,149517,204022,249214,272619,268788,249296,223217,199978,181998,168111,160228,161742,174614,193320,220175,253358,297374,359017,420371,464460,475803,459989,429014,400124,377261,357427,338741,324476,314150,308571,311833,326029,344544,359867,358121,330527,285418,235948,196321,164107,139575,119893,102534,89225,78140,68970,61533,54382,47557,40498,33670,27481,21763,17012,13330,10405,8412,6799,6439,6453,7266,8452,9648,9902,9510,8539,7516,6599,5877,5305,5018,4777,4658,4792,4534,4612,4160,3937,3680,3312,2910,2380,1798,1519,1197,965,818,630,493,397,258,179,119,54,22,11,5,4,0,1,1,1,0,0,0,0,1,0,0,0,0,0,0,0,0,0,0,0,0,0,0,0,0,0,0,0,0,0,0,0,0,0,0,0,0,0,0,0,0,0,0,0,0,0,0,0,0,0,0,0,0,0,0,0,0,0,0,0,0,0,0,0,0,0,0,0,0,0,0,0,0,0,0,0,0,0,0,0,0,0,0,0,0,0,0,0,0,0,0,0,0,0,0,0,0,0,0,0,0,0,0,0,0,0,0,0,0,0,0,0,0,0,0,1,26,162,337,380,354,314,326,349,347,349,392,361,357,369,375,388,416,413,392,432,458,482,570,568,662,811,939,1008,1232,1436,1857,2075,2418,2693,2814,2998,3065,3094,3214,3303,3187,3047,3118,3035,3220,3629,4100,4574,4992,5203,5298,5452,5859,6291,6565,7276,8620,12578,23480,45885,83064,131408,184341,228761,255095,262586,253300,235646,213648,192981,174866,165089,169048,188673,223570,276297,343087,406546,448154,450322,428808,399808,376330,359637,347501,338576,331670,319613,305861,297147,298037,313312,339269,366907,385508,379512,342706,290561,238045,195194,162571,138350,120138,103858,91565,81163,71848,63521,54331,45467,37048,29274,22238,17084,13122,9999,8052,6689,5954,5678,5828,6600,7281,8179,8654,9126,8853,8288,7284,6115,5539,4925,4810,4631,4665,4668,4494,4352,3980,3703,3299,3006,2678,2429,2091,1767,1376,1142,928,701,496,344,224,164,109,51,19,8,5,5,0,1,1,1,0,0,0,0,0,0,0,0,0,0,0,0,0,0,0,0,0,0,0,0,0,0,0,0,0,0,0,0,0,0,0,0,0,0,0,0,0,0,0,0,0,0,0,0,0,0,0,0,0,0,0,0,0,0,0,0,0,0,0,0,limpo
0,0,0,0,0,0,0,0,0,0,0,0,0,0,0,0,0,0,0,0,0,0,0,0,0,0,0,0,0,0,0,0,0,0,0,0,0,0,0,0,0,0,1,10,96,308,475,706,891,937,1041,1174,1416,1811,2352,2978,4233,5595,7166,8194,8749,9460,11247,14554,20199,27837,36386,44741,53410,64815,82446,108021,144174,200669,275751,358834,437320,495494,524593,524740,494200,438448,372386,313274,264438,221433,185724,155580,141572,145902,168792,211685,272326,352700,444926,526892,577380,585925,556531,505967,448674,393979,343043,291090,237082,185220,141065,104845,79540,60486,46825,36379,28960,23350,18750,15099,12016,9361,7284,5452,4224,3585,3148,3008,2943,3004,3095,3319,3752,4067,4429,4477,4298,4118,3765,3467,2897,2317,1987,1487,1198,926,652,517,411,298,182,123,58,27,12,1,1,0,2,0,0,0,0,0,0,0,0,0,0,0,0,0,0,0,0,0,0,0,0,0,0,0,0,0,0,0,0,0,0,0,0,0,0,0,0,0,0,0,0,0,0,0,0,0,0,0,0,0,0,0,0,0,0,0,0,0,0,0,0,0,0,0,0,0,0,0,0,0,0,0,0,0,0,0,0,0,0,0,0,0,0,0,0,0,0,0,0,0,0,0,0,0,0,0,0,0,0,0,0,0,0,0,0,0,0,0,0,0,0,0,0,0,0,0,0,0,0,0,0,0,0,0,0,0,0,0,0,0,0,0,0,0,0,0,0,0,0,0,0,0,0,0,0,7,86,268,623,718,807,707,698,786,858,1092,1261,1521,1982,2735,4224,6113,7709,7984,7973,8530,9483,10466,12094,14470,18109,23477,31191,39806,47458,54640,63788,76971,93124,112823,141733,188277,249908,325914,399565,460895,501036,517162,504133,464946,405207,336674,268915,215488,181278,165930,159080,157408,167294,200920,261677,348567,452026,552118,616540,624548,583488,520260,452825,393657,334550,273076,211800,158791,115258,83726,61543,46620,35217,26798,21060,16270,12851,10000,7640,5605,4126,2941,2235,1797,1587,1486,1458,1462,1604,1635,1793,1861,2034,2408,2781,3258,3734,4235,4569,4573,4137,3491,3006,2445,2228,1970,1745,1422,1117,917,663,514,420,283,195,119,58,22,11,1,1,0,2,0,0,0,0,0,0,0,0,0,0,0,0,0,0,0,0,0,0,0,0,0,0,0,0,0,0,0,0,0,0,0,0,0,0,0,0,0,0,0,0,0,0,0,0,0,0,0,0,0,0,0,0,0,0,0,0,0,0,0,0,0,0,0,0,0,0,0,0,0,0,0,0,0,0,0,0,0,0,0,0,0,0,0,0,0,0,0,0,0,0,0,0,0,0,0,0,0,0,0,0,0,0,0,0,0,0,0,0,0,0,0,0,0,0,0,0,0,0,0,0,0,0,0,0,0,0,0,0,0,0,0,0,0,0,0,0,0,0,0,0,0,0,0,0,0,0,0,0,0,0,0,0,0,1,16,171,473,716,828,764,689,722,798,1023,1245,1449,1851,2411,3960,5965,7250,7466,7550,8059,8935,9875,11884,14862,18591,22079,26305,32649,41840,50606,59368,69905,88174,117555,156204,204417,265257,334111,410274,470553,503184,501699,473997,427501,378709,323278,270417,225018,192078,170319,160101,163125,181215,215869,269628,343308,425788,504176,558036,580797,571392,534828,481974,422694,362112,300596,239667,181175,130730,93484,67237,49622,38027,28622,21474,16012,11944,8261,5933,4034,2969,2272,1841,1717,1498,1519,1522,1614,1611,1733,1732,1911,2142,2493,3094,3488,4185,4442,4207,3735,3068,2421,1891,1623,1453,1439,1505,1596,1647,1644,1457,1274,999,753,546,419,308,198,154,84,43,20,10,6,1,3,0,0,0,1,0,0,0,0,0,0,0,0,0,0,0,0,0,0,0,0,0,0,0,0,0,0,0,0,0,0,0,0,0,0,0,0,0,0,0,0,0,0,0,0,0,0,0,0,0,0,0,0,0,0,0,0,0,0,0,0,0,0,0,0,0,limpo
0,0,0,0,0,0,0,0,0,0,0,0,0,0,0,0,0,0,0,0,0,0,0,0,0,0,0,0,0,0,0,0,0,0,0,0,0,0,0,0,0,0,0,0,0,0,5,41,104,207,419,1218,3970,10143,20250,31740,42926,51892,56176,55940,55097,53798,54244,55350,53939,52349,50662,50577,51684,56940,70955,99598,147095,212930,287635,363012,427082,473575,488556,478215,450239,409181,369446,336212,311609,294295,286823,286829,293418,307127,329984,360910,396423,429432,450399,453182,435738,401218,356379,302520,248556,202524,162877,133031,113025,99535,89561,81840,76063,69790,63788,58386,52686,47377,42831,37270,31180,25769,22441,19662,17848,16248,15003,13316,12415,11661,10753,10207,9831,9551,9602,9165,7896,6437,5220,4348,3557,2737,2032,1481,912,567,303,128,56,29,14,2,1,0,0,0,0,0,0,0,0,0,0,0,0,0,0,0,0,0,0,0,0,0,0,0,0,0,0,0,0,0,0,0,0,0,0,0,0,0,0,0,0,0,0,0,0,0,0,0,0,0,0,0,0,0,0,0,0,0,0,0,0,0,0,0,0,0,0,0,0,0,0,0,0,0,0,0,0,0,0,0,0,0,0,0,0,0,0,0,0,0,0,0,0,0,0,0,0,0,0,0,0,0,0,0,0,0,0,0,0,0,0,0,0,0,0,0,0,0,0,0,0,0,0,0,0,0,0,0,0,0,0,0,0,0,0,0,0,0,0,0,0,0,0,0,0,0,0,0,0,2,11,54,140,211,213,297,395,484,529,534,551,584,580,590,583,636,752,907,1154,1318,1812,3856,9861,23675,43484,60628,67804,67178,65358,65905,64052,61688,59332,62349,73504,95960,130910,177438,235213,298666,365697,428073,479131,501862,486972,443385,391388,344161,309526,291614,285392,283405,278758,279635,291331,314258,352135,392047,430930,458953,465324,444002,397685,342997,287685,238260,198699,167384,144156,124520,107448,93123,81850,73125,67103,63810,60171,57337,54092,51310,47148,41717,36772,32574,28298,24464,20874,17816,15443,13552,13081,12540,12345,11570,10641,9183,7133,4952,3286,2115,1369,936,624,439,338,280,285,261,289,264,256,208,121,59,24,10,1,0,0,0,0,0,0,0,0,0,0,0,0,0,0,0,0,0,0,0,0,0,0,0,0,0,0,0,0,0,0,0,0,0,0,0,0,0,0,0,0,0,0,0,0,0,0,0,0,0,0,0,0,0,0,0,0,0,0,0,0,0,0,0,0,0,0,0,0,0,0,0,0,0,0,0,0,0,0,0,0,0,0,0,0,0,0,0,0,0,0,0,0,0,0,0,0,0,0,0,0,0,0,0,0,0,0,0,0,0,0,0,0,0,0,0,0,0,0,0,0,0,0,0,0,0,0,0,0,0,0,0,0,0,0,0,0,0,0,0,0,0,0,0,0,0,0,0,0,0,0,0,0,0,0,0,0,0,0,2,10,51,166,255,306,401,526,572,822,1662,4152,9586,18199,30705,43661,52311,51557,47926,44424,44139,45823,47729,49665,49671,47944,45599,44599,43640,43539,45300,50089,59692,76813,103239,140390,188595,245559,301599,347336,382217,404611,423402,434545,427617,405391,371864,336558,309560,296610,294763,295695,299396,305585,320485,340526,368627,395551,412357,418199,410803,390328,353585,307264,256330,212105,175689,146569,122837,104167,91783,81782,73747,67784,63281,58958,55814,51865,47601,43385,39666,35176,30858,26872,23022,19718,17052,14959,13622,12595,11445,10545,9458,7993,6180,4283,2784,1971,1218,803,456,287,262,183,143,88,48,17,6,0,0,0,0,0,0,0,0,0,0,0,0,0,0,0,0,0,0,0,0,0,0,0,0,0,0,0,0,0,0,0,0,0,0,0,0,0,0,0,0,0,0,0,0,0,0,0,0,0,0,0,0,0,0,0,0,0,0,0,0,0,0,0,0,0,0,0,0,0,0,0,0,0,0,0,0,0,0,0,0,0,0,0,0,0,0,limpo
0,2,9,17,14,14,13,9,11,10,13,30,23,11,8,14,17,19,14,15,19,15,21,27,21,33,31,44,32,37,32,32,24,33,32,37,37,32,28,33,37,36,62,76,146,329,484,583,784,1517,3886,9756,17190,22464,25669,26666,26546,26753,27959,31206,36699,42368,48076,56260,66895,80893,98404,116037,130458,142619,155504,165668,175957,175792,167757,152157,131159,112554,98985,89229,80313,72711,67227,67950,69107,70670,73767,82381,96897,116131,138222,160652,176690,177660,164444,149251,136114,128945,128480,131436,135043,136275,137563,140504,144202,147852,154298,158297,159198,155226,149966,145021,139623,135883,134624,135648,139720,146499,158640,177447,201804,228926,253839,264928,268425,263916,255470,245374,234998,224432,219011,213983,210085,205389,198744,193483,187344,178319,164992,148705,130106,109617,91147,74198,60654,49391,40265,32828,27262,23262,20909,19397,18085,17705,17340,17162,16681,15763,14396,12567,10729,8918,7533,6498,5970,5457,4882,4640,4283,3740,3461,3374,3068,3169,3131,3056,3150,3101,3221,3023,2905,2803,2531,2231,1885,1743,1665,1466,1398,1265,1110,965,940,755,637,530,469,365,319,248,171,116,104,72,38,31,20,13,5,9,8,4,5,3,2,0,2,0,0,1,0,0,0,0,0,0,0,0,0,0,0,0,0,0,0,0,0,0,0,0,0,0,0,0,0,0,0,0,0,0,0,0,0,0,0,0,0,0,0,0,0,0,0,0,0,0,0,0,0,0,0,0,0,0,0,0,0,4,10,20,22,12,16,18,19,24,17,10,15,19,16,15,16,14,13,19,19,24,20,23,25,111,496,1669,4189,8014,12514,15700,18145,19115,17614,16613,17608,19142,19944,20048,21489,23536,24086,24168,26439,31469,35444,38093,40284,44421,52253,65168,83234,105418,130473,149059,161351,169545,170736,162830,150337,133347,118203,106758,99136,90896,79488,70252,64168,63407,65218,71998,84231,97494,108329,115314,120647,132070,146208,158616,158034,148397,140327,138349,142609,148239,155254,163957,171068,173593,168821,159519,151214,144876,140399,136409,133915,130421,128398,128385,132862,140098,149721,159683,170729,182846,194217,207198,221656,233386,240127,242898,246084,249232,250491,248972,248725,249244,248327,244394,235520,221789,203370,177705,150137,124026,100156,79138,62153,48913,39819,33243,29410,27096,25769,25235,24812,24151,23366,22036,20734,19427,18370,16964,15448,13204,11332,9871,8716,7799,7401,7405,7361,7314,6811,5800,4932,4160,3439,3002,2773,2319,1991,1813,1611,1557,1440,1310,1190,1114,1132,1353,1627,1902,2303,2579,2759,2761,2769,2643,2448,2080,1751,1605,1340,1068,836,602,420,280,195,125,61,42,21,15,5,5,1,1,0,0,0,0,0,0,0,0,0,0,0,0,0,0,0,0,0,0,0,0,0,0,0,0,0,0,0,0,0,0,0,0,0,0,0,0,0,0,0,0,0,0,0,0,0,0,0,0,0,0,0,0,0,0,0,0,0,0,0,0,0,0,0,0,0,0,0,0,0,0,0,0,0,0,0,2,2,5,10,12,20,22,28,23,16,18,16,17,18,14,22,18,16,15,22,15,17,23,23,31,35,33,40,48,103,457,1935,5606,11208,16045,18107,17299,16217,15395,14027,12971,13690,16049,18590,20877,23574,25510,24683,23284,23578,24595,28147,32996,39042,46459,59048,78834,109772,143844,170203,185769,189304,182525,165907,142972,121225,105395,94765,86967,80136,74571,71463,67380,62896,58771,55107,51434,47903,47736,53254,62724,75073,82249,86443,88896,95216,107235,120030,131280,134971,132573,131490,134392,139615,148767,160411,173592,183649,194363,203336,205261,198632,185534,170237,155592,145764,138335,135484,135495,142247,154753,176624,206577,242755,278921,307610,322921,326107,313120,287756,260803,239224,222302,212236,204106,198537,192165,185413,174085,158850,140750,119108,97840,76918,59867,46253,37263,31126,27854,25946,24577,23307,22617,22307,22416,22033,22377,22306,21692,21029,20099,19343,18309,16958,15462,13363,11422,9570,7918,6369,5366,4532,4147,3819,3608,3508,3357,3336,3611,3681,3639,3459,3145,2977,2960,2957,3064,3339,3298,3362,3349,2920,2718,2254,1992,1647,1475,1125,727,542,342,264,140,68,60,28,12,6,3,3,0,3,1,0,0,0,0,0,0,0,0,0,0,0,0,0,0,limpo
0,110,64,23,15,13,7,9,4,7,6,4,6,8,11,7,3,7,7,4,6,8,7,4,11,9,7,7,10,33,78,196,471,795,1247,1604,1748,1834,1813,1720,1703,1653,1673,1777,1772,2082,3031,5170,9437,15638,23111,30845,37422,42797,47724,53909,60237,67816,77971,92932,110336,127865,139271,141176,132664,120351,106579,94357,83379,76394,72033,70237,70099,70863,72960,75226,79074,83312,85100,85620,83653,81524,78411,76077,74510,73858,74921,74839,76273,78671,82439,88163,95665,105571,118575,133979,150968,166759,179767,191671,204251,219767,239966,262528,287794,311858,331452,347586,361109,368557,372818,370533,362295,350223,330825,308923,283891,255849,228745,202020,175205,152361,131289,112643,96836,83219,70245,60014,52545,46090,40891,37483,34993,33587,31749,28821,25249,21266,17556,14263,11891,9787,8360,7094,6403,5840,5460,5107,4786,4451,4370,4190,3862,3593,3414,3048,2747,2590,2465,2339,2223,2288,2277,2267,2160,2233,2079,2119,2063,2126,2133,2115,2062,1946,1832,1763,1565,1414,1356,1291,1197,1068,1146,1042,934,861,793,813,732,709,664,573,591,536,513,442,386,369,327,310,272,300,240,264,255,224,219,214,241,203,170,179,161,162,152,145,138,92,68,34,27,10,5,1,0,1,0,0,0,0,0,0,0,0,0,0,0,0,0,0,0,0,0,0,0,0,0,0,0,0,0,0,0,0,0,0,0,84,83,30,16,17,6,8,8,9,6,6,5,11,3,12,1,6,6,6,5,4,13,5,7,7,8,5,4,10,9,7,7,9,6,10,7,15,14,7,6,8,37,82,244,848,2034,4296,8567,14551,21950,29327,35651,41103,46013,52436,59003,66681,76981,92299,109953,127411,139034,141149,132881,120884,107328,95509,84439,76741,71464,68599,66802,65539,65530,64340,65068,67465,70261,74028,77600,78594,78622,76345,74139,71294,70357,68883,68953,69188,70289,70936,73983,78461,84843,92178,98829,105288,110628,117886,126408,137264,147346,157513,166870,175592,187287,202180,221701,245747,270990,294592,316722,339083,359279,370995,374366,369859,355732,336136,307440,278367,250147,224361,200537,178596,160244,140658,123448,108758,95246,83481,72675,63035,55531,50092,44051,39744,35872,33182,30609,28420,26040,23420,19958,16881,14005,11673,9804,8345,7073,6280,5434,4901,4578,4058,3609,3191,3059,2885,2689,2642,2541,2572,2486,2436,2413,2231,2230,2163,2238,2200,2122,2076,1876,1862,1690,1526,1428,1401,1405,1208,1185,1165,1095,986,878,868,772,692,723,625,587,521,488,433,354,357,363,304,283,223,215,192,192,165,144,152,142,147,134,131,138,97,71,36,22,9,4,0,0,0,0,1,0,0,1,0,0,0,0,0,0,0,0,0,0,0,0,0,0,0,0,0,0,0,0,0,0,0,0,0,0,0,0,0,0,219,24,8,15,6,7,9,5,5,1,6,2,10,6,8,4,10,7,7,6,11,6,6,9,10,7,7,5,6,2,12,6,12,9,8,8,13,8,13,8,11,15,34,120,537,1512,3584,7624,13494,20665,27789,34090,39541,44496,50877,57273,64781,74931,89742,107026,124420,136223,138000,129918,117678,104103,92175,81051,73805,69174,67017,65941,65103,64111,62581,61207,60405,59106,59391,60473,63003,66181,69245,72544,73918,73996,71082,68134,65807,63612,62985,63150,64225,66375,68764,71698,75155,78500,81877,84720,87830,90332,92213,95079,98695,102827,107027,111066,114677,117089,119040,121896,125230,129965,135946,145027,155908,170632,188740,210273,233038,257206,280443,302461,320561,331461,334844,329722,317740,297735,277373,257409,236816,217001,196590,176103,158050,141834,125923,111362,96974,84801,72879,63962,55735,49416,43878,39009,35564,32656,30140,27697,24302,21526,18619,16218,13886,12245,10273,8922,7324,6212,5232,4553,4204,3849,3422,3352,3050,2844,2647,2552,2455,2367,2254,2024,1980,1681,1552,1524,1426,1315,1197,1147,1009,980,866,824,818,657,681,640,587,523,476,435,399,361,375,318,269,241,227,215,208,171,159,168,143,130,152,123,106,71,51,32,16,8,4,0,0,0,0,0,0,0,1,0,0,1,0,0,0,0,0,0,0,0,0,0,0,0,0,0,0,0,0,0,0,0,0,0,0,0,0,limpo
0,6719,714,211,262,230,113,151,113,95,103,106,88,119,115,106,136,143,142,173,200,174,199,172,187,199,187,221,253,258,293,316,349,426,522,526,595,693,981,1449,2114,2764,3673,4763,6224,7415,8950,9800,10881,12155,14294,17129,20906,26899,36185,47549,60445,73000,82083,90168,95989,101302,105920,111572,120033,132391,148577,165221,182313,195729,205248,207594,207102,206861,208843,214139,220708,224893,222469,215333,206442,200600,197238,195498,197408,198575,199462,199851,200245,197581,195986,193622,193523,192991,193045,193477,192799,188923,182818,174824,164683,154798,143561,134713,128223,120884,115455,109725,105406,102116,98614,94942,91908,87595,84277,80279,75677,72314,68403,65566,63649,61231,58809,58141,56831,55231,53240,50882,48171,46214,44170,43347,42589,42960,43516,44422,44835,44772,44621,44646,45422,45076,44633,44087,43166,42639,43284,44865,46436,49262,51826,53696,53494,51845,46089,39160,32436,27361,22502,19026,16329,14172,12001,10079,8323,6927,5836,5014,4536,4039,3655,3463,3058,2900,2471,2122,1831,1593,1428,1338,1199,1100,1081,984,832,782,584,428,331,234,184,152,116,77,62,62,61,53,49,44,44,30,34,18,15,10,11,3,1,1,0,0,1,0,0,0,0,0,0,0,0,0,0,0,0,0,0,0,0,0,0,0,0,0,0,0,0,0,0,0,0,0,0,0,0,0,0,0,0,0,0,0,0,0,0,0,0,6613,993,332,192,108,74,70,80,78,77,68,70,90,97,127,103,112,108,137,118,140,132,185,196,204,213,256,224,263,302,294,350,337,360,410,458,482,552,613,661,749,882,1279,2107,3741,6555,11410,19303,30354,43469,54714,61848,64691,64675,63977,64173,64761,65791,68650,71210,74554,77925,83089,90695,103164,117058,128534,137758,145589,150677,152993,154398,157221,161136,169221,176214,182428,184930,184719,185086,184151,182772,182966,183776,185204,185183,184618,180819,178334,174811,169839,165938,165688,168091,173900,177273,180787,178293,174056,169900,164874,162165,160956,161413,161402,161536,157738,154028,148997,144955,139358,133590,127993,122318,116091,108412,101793,95292,88781,83316,78199,74416,72920,72107,71164,70544,68716,66926,65043,62868,61177,59294,57175,55785,53670,52338,51127,49921,50314,51948,55031,59614,63204,64246,61969,58413,53539,49555,45625,42665,40744,39576,37196,33200,28398,24161,20554,18259,15944,14062,12386,10586,8949,7664,6361,5199,4444,3615,2994,2630,2180,1957,1803,1767,1586,1429,1449,1395,1434,1406,1354,1264,1196,1009,816,739,507,327,239,141,81,44,16,7,4,1,0,0,0,0,0,0,0,0,0,0,0,0,0,0,0,0,0,0,0,0,0,0,0,0,0,0,0,0,0,0,0,0,0,0,0,0,0,0,0,0,0,0,0,0,0,0,0,0,0,0,0,0,0,0,0,0,0,0,0,0,6500,508,590,246,223,121,81,96,78,94,73,84,82,79,93,107,126,134,102,131,131,151,156,174,179,208,203,251,259,287,271,295,334,351,379,429,481,506,593,677,923,1274,2327,4551,8252,13648,19260,23982,29189,35028,40250,45381,48803,51275,51221,50901,51112,53224,55700,57860,58827,59107,58488,58746,58967,58390,58460,59686,62689,67836,74718,83665,94835,108474,124739,140070,153360,163279,171058,177976,183278,185504,186959,186184,182410,179837,174192,171030,166612,164375,163284,162262,162853,164489,163797,164008,162315,159613,156349,153125,149741,148965,149915,151129,151312,151329,150892,150684,151152,151355,152499,153079,152521,152756,151962,148976,146263,143158,138900,134870,129691,125457,120284,114753,107871,101470,94504,88349,82237,78137,74364,72096,70626,69491,68063,66009,64904,63197,62518,61395,61930,61593,60568,58374,55847,53058,50385,48324,45720,44731,44200,45117,45979,47210,47890,49957,52149,54525,56346,56485,54115,48660,40897,32876,25264,18690,14369,10758,8460,6875,5744,5023,4407,4075,3896,3638,3398,3335,3303,2904,2742,2464,2122,1891,1593,1311,1087,874,653,471,306,237,165,96,54,46,24,17,13,9,2,2,0,1,0,1,0,0,0,0,0,0,0,0,0,0,0,0,0,0,0,0,0,0,0,0,0,0,0,0,0,0,0,0,0,0,0,0,0,0,0,0,0,0,0,0,0,0,0,0,0,0,0,0,0,sujo
0,0,0,0,0,0,0,0,0,0,0,0,0,0,0,0,0,0,0,0,0,0,0,0,0,0,0,0,0,0,16,147,708,2501,6376,11956,17784,21723,22283,20387,17848,16282,16228,17737,20395,25562,32417,40941,49537,58344,66311,71632,74826,78206,81555,85359,88061,91227,94260,96060,96773,95299,90614,82927,74177,66566,61692,60641,61326,63909,65252,64647,61567,56651,52013,47681,44542,42109,40467,40602,41308,43336,46082,49669,54818,60771,66063,71616,76221,80512,82689,86443,93046,104849,123105,145625,170182,189186,203326,213785,225148,242043,264078,290877,319525,345389,366779,385920,402601,409713,405574,393069,376014,354985,328938,300433,270349,240207,210386,183088,159934,139799,122957,108934,96717,84393,72608,60028,49724,40921,33532,27278,22553,18757,15955,13283,11328,9716,8298,6907,5851,4864,4380,3779,3492,3072,2779,2563,2341,2276,2166,2191,2345,2487,2516,2399,2158,2119,1948,1795,1685,1589,1654,1526,1553,1561,1541,1569,1457,1284,1122,965,819,764,687,623,631,584,542,546,506,402,359,326,261,195,120,60,29,16,7,1,1,0,0,0,0,0,0,0,0,0,0,0,0,0,0,0,0,0,0,0,0,0,0,0,0,0,0,0,0,0,0,0,0,0,0,0,0,0,0,0,0,0,0,0,0,0,0,0,0,0,0,0,0,0,0,0,0,0,0,0,0,0,0,0,0,0,0,0,0,0,0,0,0,0,0,0,0,0,0,0,0,0,0,0,0,0,0,0,0,0,16,147,708,2501,6376,11948,17762,21645,21993,19771,16682,14659,14952,17021,20090,25304,32383,40521,48760,57754,65726,71880,76061,80066,84929,88977,91578,94081,94833,95492,95283,91530,85180,74755,63947,54404,46619,41990,40081,40455,43353,46479,50489,53400,55017,54050,51387,48201,45345,42910,40323,38551,37893,37851,38668,41099,44156,47760,53160,58657,63771,69031,73159,77003,78795,81226,86789,96755,113382,133939,156256,173458,185763,192353,195945,200597,206164,211798,216364,218952,217067,211815,202399,193836,184817,177372,173120,168861,166184,163285,158050,150556,143032,135091,125669,118406,111283,105249,101353,101023,102658,108440,116994,126481,136263,141808,144997,147324,154141,165415,180907,200419,215860,220505,210779,188368,159093,128275,100223,74730,55162,39519,27648,19738,14311,10799,8343,6808,5799,4773,4172,3641,3307,3044,2957,2744,2559,2382,2063,1860,1758,1679,1616,1489,1345,1128,958,831,751,685,632,600,568,563,520,448,375,356,292,232,139,79,36,22,8,3,1,0,0,0,0,0,0,0,0,0,0,0,0,0,0,0,0,0,0,0,0,0,0,0,0,0,0,0,0,0,0,0,0,0,0,0,0,0,0,0,0,0,0,0,0,0,0,0,0,0,0,0,0,0,0,0,0,0,0,0,0,0,0,0,0,0,0,0,0,0,0,0,0,0,0,0,0,0,0,16,148,712,2513,6426,12012,17812,21599,21834,19188,15196,11984,10737,12534,16417,22572,30174,38337,46373,54354,61897,68177,72108,76155,78560,81577,84607,89206,92017,94224,94267,89826,82177,72285,60787,50035,41271,34339,29756,26148,23950,23076,22740,23022,23691,24232,26192,29030,31794,35443,39137,42804,45215,46738,46515,44636,42124,39406,36269,33378,30916,29310,29348,30495,32909,35771,39051,41576,44312,48446,52710,56504,60414,64148,67993,70975,74960,80995,89658,101231,114569,127988,137608,146042,151531,156130,161642,166355,170309,176306,180880,182424,181909,177882,173541,166620,161583,157600,153795,151198,148960,147162,144349,140496,134548,128746,122949,116458,112306,107325,102699,97720,92229,85290,78852,72365,65208,58563,51684,45832,40425,35918,31399,28000,25241,23302,21652,20746,20035,19542,19332,19213,19457,19745,20194,20738,21947,23174,25459,29160,34080,42288,52816,65771,81420,96931,108445,116931,122299,125578,129042,132501,135641,139827,144372,149737,153368,153996,149444,138374,122332,102305,80518,61466,44327,30677,20266,12719,7526,4298,2319,1338,662,356,139,52,24,8,3,1,0,0,0,0,0,0,0,0,0,0,0,0,0,0,0,0,0,0,0,0,0,0,0,0,0,0,0,0,0,0,0,0,0,0,0,0,0,0,0,0,0,0,0,0,0,0,0,0,0,0,0,0,0,0,0,0,0,0,0,0,0,sujo
0,0,0,0,0,0,0,0,0,0,0,0,0,0,0,0,0,0,0,0,0,0,0,0,0,0,0,0,0,1,11,47,225,798,2263,4977,8207,11479,14314,16384,16923,16894,17021,17792,20427,24804,31163,38909,47390,56735,64835,71391,76028,80317,84317,89316,94316,98258,100948,101110,98013,93354,87201,79922,73677,68793,67557,68612,69854,69952,68831,65127,60985,56420,52900,50449,48183,45965,44250,43279,43129,44056,45923,48895,53170,57560,62472,68019,72719,78458,84114,90526,101004,114187,131981,152170,171078,184353,194024,204831,218728,241893,270564,305611,343342,382197,415219,438533,447917,444144,426872,397010,363851,328410,296076,261852,233471,207673,185580,166029,146635,130921,116327,102909,91257,78286,66688,55430,45669,36814,30367,24420,20124,17065,14068,11893,10200,8389,6829,5720,4927,4358,3856,3435,3089,2856,2642,2461,2408,2529,2506,2681,2637,2715,2665,2537,2487,2406,2149,2147,2176,2203,2143,2026,1911,1686,1468,1370,1215,1104,1137,1062,878,844,767,564,492,361,240,145,61,35,30,10,5,0,0,0,0,0,0,0,0,0,0,0,0,0,0,0,0,0,0,0,0,0,0,0,0,0,0,0,0,0,0,0,0,0,0,0,0,0,0,0,0,0,0,0,0,0,0,0,0,0,0,0,0,0,0,0,0,0,0,0,0,0,0,0,0,0,0,0,0,0,0,0,0,0,0,0,0,0,0,0,0,0,0,0,0,0,0,0,0,0,0,0,0,1,1,11,30,133,336,945,2345,4826,7691,10244,11846,12102,11626,11732,13315,15713,18134,19936,22828,27744,35113,44479,54805,63970,70519,74654,77143,80272,83307,87098,90839,94343,96425,96018,92257,86162,77458,67008,57685,51220,47616,46919,48154,51208,54990,56703,56656,55239,52372,49916,47723,46345,45638,44751,43618,42531,40951,40405,40359,41721,44018,47180,51535,56243,60910,66586,71032,75970,81054,87131,96218,109107,125044,144048,160070,170423,173445,173077,172854,173187,176307,182063,190287,198929,206350,210014,209237,205670,198585,188102,177505,168406,160556,153118,145816,139937,135220,128384,120643,115019,109584,108076,109690,116567,127408,142884,158759,172610,180960,182958,184115,185505,187840,194684,203120,211929,213368,203275,179338,148826,118088,90381,67161,49659,35802,25757,18740,13830,10379,8493,6964,5665,5182,4500,4092,3891,3609,3262,3104,2849,2797,2447,2251,1879,1601,1466,1291,1102,1140,1055,899,824,771,578,557,371,283,186,90,46,30,18,4,1,0,0,0,0,0,0,0,0,0,0,0,0,0,0,0,0,0,0,0,0,0,0,0,0,0,0,0,0,0,0,0,0,0,0,0,0,0,0,0,0,0,0,0,0,0,0,0,0,0,0,0,0,0,0,0,0,0,0,0,0,0,0,0,0,0,0,0,0,0,0,0,0,0,0,0,0,1,9,31,89,176,319,500,773,1581,3394,6105,9542,12196,12937,11868,9950,9103,10015,12984,16389,19178,21590,24108,28169,34188,41512,50380,58600,65523,70748,73680,74457,75673,77547,81185,85528,88937,89591,84593,76352,67296,56995,48296,41211,36072,32357,29784,28139,27000,26757,27008,28389,30274,32789,35686,37817,40033,40830,41500,41459,41151,40607,39948,40107,39553,38938,38176,36988,35955,34548,33561,33187,32780,33338,35096,37775,40743,44574,48750,52126,55496,59758,63990,69204,74592,81383,90707,102161,115597,130076,141281,147756,150078,150721,149732,149708,149439,150919,153510,158754,165711,172565,177894,181899,181287,174694,166605,159120,152103,144537,138688,132913,129013,125838,123320,119495,112935,106895,97305,88768,81134,73779,67723,61599,55309,48943,43147,38063,33547,29980,26616,24165,21802,20423,19399,18620,18088,17784,17877,17952,18145,18402,18762,19662,21314,23269,26270,29999,36002,44641,57586,74674,94374,115383,134852,148818,157950,162533,164647,164892,162573,158676,154434,149626,144711,141740,137790,131414,120128,101683,80859,60875,43932,30369,20248,12907,7758,4354,2200,1179,525,238,76,30,5,4,0,0,0,0,0,0,0,0,0,0,0,0,0,0,0,0,0,0,0,0,0,0,0,0,0,0,0,0,0,0,0,0,0,0,0,0,0,0,0,0,0,0,0,0,0,0,0,0,0,0,0,0,0,0,0,0,0,0,0,0,0,0,0,0,sujo
0,30862,4400,1212,592,314,195,235,217,229,240,214,254,240,224,249,270,266,279,255,242,304,277,278,326,333,291,314,322,343,366,350,382,374,375,420,451,425,490,469,461,494,521,529,493,579,610,578,600,641,624,696,768,796,1016,1339,1873,2135,2441,2813,2988,3192,3215,3382,4778,9163,19335,31272,39307,43152,45756,50023,62386,75258,84093,93395,105741,117409,129272,139987,153882,167792,182487,194630,203032,209962,214333,219913,227614,238581,246309,247233,249091,251160,255000,254382,238856,218550,198212,181352,169410,166190,168131,174163,182030,192049,200893,206685,214035,222750,229852,231962,229975,226829,222335,216683,206031,190588,174296,156511,140062,124952,115485,108161,103620,100019,93780,89157,84820,80082,75589,69855,65118,60542,57713,54845,51804,49268,46740,43462,40741,38263,36478,35440,34396,33631,32526,31874,30696,29034,28018,26881,26175,25299,24574,24356,23310,22227,20766,19759,19261,18977,19034,18917,18520,17866,17632,16577,16346,16155,15224,14463,13695,12725,11380,10155,9628,9172,8812,8343,7891,7186,6061,5326,4351,3549,2853,2072,1439,936,548,305,161,77,50,21,10,3,1,1,0,0,0,0,0,0,0,0,0,0,0,0,0,0,0,0,0,0,0,0,0,0,0,0,0,0,0,0,0,0,0,0,0,0,0,0,0,0,0,0,0,0,0,0,0,0,0,0,0,0,0,0,0,0,0,0,0,26274,6771,2018,1002,660,379,273,181,205,207,197,229,204,207,209,239,261,235,231,250,260,242,233,271,277,286,291,284,278,295,283,315,348,370,330,360,372,404,417,448,431,484,468,409,467,511,484,517,582,506,520,577,613,625,672,583,682,665,790,964,1455,2229,2634,2704,2959,3168,3256,3470,3977,5862,11265,21618,32829,38225,39501,41088,43648,48043,57969,75367,92771,106017,118791,132772,147135,165318,183056,204335,221329,224117,216991,209523,209955,221223,240702,257929,260119,249246,232159,214965,203798,195572,187281,176917,167852,157207,146515,140439,135960,132747,125616,120294,116589,117070,117585,119288,123384,132792,142853,151975,158911,163826,165377,168652,171825,171276,165890,165474,170673,175920,175236,166401,152879,137191,122654,111820,104852,98998,93789,88197,84764,82163,81287,81303,78133,74458,69216,62543,55778,50920,47337,44874,42420,41440,40307,38386,36548,35720,35443,36160,37131,38526,38972,38393,37714,36698,34720,31171,28704,25444,22978,21468,20369,19379,18207,17680,16798,16289,15355,14292,13178,11605,10296,9336,8664,7543,6250,5470,4861,4429,4208,3704,3340,2757,2044,1402,898,516,292,146,68,41,14,5,3,0,1,0,0,0,0,0,0,0,0,0,0,0,0,0,0,0,0,0,0,0,0,0,0,0,0,0,0,0,0,0,0,0,0,0,0,0,0,0,0,0,0,0,0,0,0,0,0,0,0,0,25009,3773,3109,1081,1219,1015,544,646,381,359,288,267,256,203,242,236,238,215,235,225,229,223,220,227,240,246,241,230,270,260,238,251,287,265,268,330,292,323,320,359,331,371,366,397,372,381,402,418,463,408,451,451,481,497,479,492,527,516,511,519,523,506,548,590,584,623,654,629,658,683,740,1009,1732,2394,2881,3064,3368,3557,4457,5410,6229,6322,6803,7568,9342,12248,18249,28303,40935,52302,65438,82445,104287,124440,141427,157017,171586,181509,187171,189209,190283,191474,192768,194682,193824,192184,191676,193286,195382,196863,196209,191219,181952,170101,159592,150756,144514,139961,138288,135913,134779,132848,131184,129567,128000,125172,121560,118451,113871,107823,104758,103073,102121,98099,92992,84912,77562,68475,60548,55968,53548,51567,50140,48998,47299,46271,46479,49836,56764,66538,79335,94189,111042,127634,142872,153723,158828,159930,157907,155404,155168,158294,160984,161428,156100,146719,134577,121168,109486,99908,91812,84755,79101,74384,70933,68145,64223,61480,59616,56717,54677,50986,48829,46900,46429,46703,47697,47728,47164,44624,40734,35163,29146,23491,17864,13895,10780,8702,7314,6241,5683,5242,4974,4697,4070,3614,2968,2209,1561,1084,718,421,249,130,89,38,25,18,9,5,1,1,1,1,0,0,0,0,0,0,0,0,0,0,0,0,0,0,0,0,0,0,0,0,0,0,0,0,0,0,0,0,0,0,0,sujo
0,22317,2776,717,350,226,132,150,101,158,139,115,124,124,157,158,176,149,174,176,180,183,193,218,219,210,218,241,250,260,248,291,309,288,324,354,328,356,360,403,434,467,607,900,1325,2300,3795,6069,10126,15771,22479,29070,35459,40302,41898,42127,39847,37231,35064,33956,33683,33789,34184,34285,34013,34713,35657,36022,36703,37418,37895,37611,37558,38267,39617,39596,40299,41401,42195,42824,42687,42598,42032,41007,40800,40990,41624,42867,43369,45339,48457,51785,56302,61778,68988,79268,93612,112155,138330,172849,210508,244656,268769,277910,273764,258398,232514,207999,191183,182617,179344,177787,173010,168673,166962,166460,170794,178296,185541,190824,187107,174115,159448,148565,141517,137619,136780,137200,137835,139951,142630,147013,152292,159898,165852,172801,179574,187175,192362,195451,189531,176126,162095,146597,130166,113839,99183,87066,77043,70435,67074,64382,62522,60299,58088,54998,51296,48101,44535,40910,38577,36704,34800,33468,32100,30424,28118,25660,22855,19518,16302,13250,10672,8277,6240,4371,3290,2541,2139,2010,1960,1964,2115,2361,2535,2734,2950,2921,2836,2585,2203,1902,1439,1174,864,644,535,420,327,346,258,178,124,73,54,28,12,6,5,1,2,1,1,0,0,0,0,0,0,0,0,0,0,0,0,0,0,0,0,0,0,0,0,0,0,0,0,0,0,0,0,0,0,0,0,0,0,0,0,0,0,0,0,0,0,0,0,21231,3400,834,462,310,167,130,98,142,126,117,129,108,131,145,147,143,175,143,140,175,163,183,177,201,182,194,191,202,209,233,241,251,243,294,289,299,306,335,353,342,361,394,412,499,604,641,741,916,1220,1597,2226,3473,5166,7988,13046,19588,27435,34908,42680,48699,51778,52376,49442,45982,44289,42922,41568,40888,40503,40176,40452,41180,41546,42289,42880,43352,43309,42304,41999,42620,42745,42446,42486,42154,39846,37567,36401,36181,35676,35383,35875,37117,39675,43044,46402,47481,46471,44345,43072,42280,43448,47512,54348,63840,74009,84987,101714,125429,153575,187853,230921,282484,336267,380389,405944,407219,392471,358526,306483,255437,216760,191190,176376,167088,160020,150210,144341,143943,147024,149646,151700,155170,160729,167167,172910,176404,179100,181915,186110,187673,191022,192071,185392,171421,153775,135380,116842,100923,90265,83054,78244,74641,70006,65303,61122,56954,53460,50138,46242,42990,40265,37335,35228,33287,31390,28829,26380,23570,20312,17031,14030,11062,8327,5910,4351,3307,2612,2319,2213,2094,2128,2169,2198,2267,2303,2289,2396,2567,2695,2803,2825,2586,2240,1696,1305,974,713,570,475,344,234,147,87,60,31,12,8,7,1,2,1,1,0,0,0,0,0,0,0,0,0,0,0,0,0,0,0,0,0,0,0,0,0,0,0,0,0,0,0,0,0,0,0,0,0,0,0,0,0,0,0,0,0,0,0,21283,2524,1238,479,421,281,179,183,148,131,114,121,128,143,147,125,143,166,152,151,152,159,184,204,183,145,206,214,193,188,194,232,236,236,240,261,293,273,290,284,301,314,323,366,396,392,461,443,464,516,560,605,701,763,994,1033,1288,1578,1876,2319,2874,3912,5300,7368,10267,14484,20355,27807,36048,44976,53205,60354,63725,64585,60897,57378,53514,50721,48114,46741,46347,46747,46301,45631,44310,43586,43541,42971,43647,43784,42911,41341,39547,37711,36761,36354,37105,38678,40678,43479,45510,47471,49370,52548,59166,71001,84752,101972,118503,131785,144399,157793,169658,178958,178258,167323,155444,145005,137474,127370,120550,114585,109301,106872,107536,109351,112215,115032,117828,121186,125138,129659,133329,137322,140979,143726,149262,159229,177170,208531,255694,315150,369178,397480,392405,360142,311508,263736,224257,197219,179743,165961,153011,141016,129732,118419,109508,102440,95053,89802,84066,79882,76381,74059,72036,70677,69964,68174,65785,62315,56840,50095,42656,34564,25909,18670,13348,9562,7110,5480,4286,3594,2991,2542,2130,1966,2000,2009,2017,2050,2071,2165,2313,2445,2658,2938,2940,2934,2569,2087,1555,1164,803,656,424,295,166,109,77,39,24,13,3,2,3,1,1,0,0,0,0,0,0,0,0,0,0,0,0,0,0,0,0,0,0,0,0,0,0,0,0,0,0,0,0,0,0,0,0,0,0,0,0,0,0,sujo
0,35805,1421,581,456,390,404,384,365,377,399,403,393,363,382,338,385,434,430,447,384,419,432,434,459,394,457,437,431,483,494,486,502,516,488,561,512,560,544,521,550,560,548,596,598,621,629,689,783,929,917,961,1183,1180,1470,1744,2259,2692,3475,4894,7333,11644,18074,26063,36471,46289,53519,57181,59873,61919,62259,63539,64072,65421,66789,68500,75357,87022,100593,108761,116285,126806,138994,150037,157214,162335,165286,169104,173513,178050,178891,179654,180437,187264,201603,222432,246215,268124,287757,300575,302993,303329,302830,296086,286993,276106,265568,256539,251851,248806,245376,238465,228231,215680,204843,194888,182791,171877,160821,149135,136758,124644,115219,109588,104703,100834,96276,90208,83775,78675,72360,66049,58950,53262,47779,42977,39567,36761,34503,33059,31886,31724,31017,31093,30600,30400,30637,30151,29171,27975,26707,25907,25029,23365,22488,21296,19861,18441,17222,15935,14842,13728,12850,12000,11347,10672,10303,9768,8967,7722,6771,6118,5598,5133,4754,4432,3775,2931,2070,1462,923,637,388,274,159,63,30,8,3,3,0,2,1,1,0,1,0,0,0,0,0,0,0,0,0,0,0,0,0,0,0,0,0,0,0,0,0,0,0,0,0,0,0,0,0,0,0,0,0,0,0,0,0,0,0,0,0,0,0,0,0,0,0,0,0,0,0,0,0,0,0,0,0,0,0,0,0,34503,1810,602,358,333,316,345,322,299,319,372,354,347,358,360,317,342,353,384,373,412,403,391,409,425,398,400,387,439,429,429,431,466,459,446,472,519,563,548,529,470,481,444,460,533,542,550,561,574,614,617,597,611,602,751,830,916,1056,1330,1667,2091,2761,3745,5599,9749,16005,23800,34101,44373,52790,57820,63411,66514,68084,70595,75067,84624,92440,97275,104126,115764,128286,140430,150401,157892,162826,166110,168772,170853,169388,166107,165319,169925,183680,200536,215457,218094,214896,205514,194696,183919,175538,168785,163543,161248,158682,158206,160387,167976,176033,182573,188136,196988,208512,219634,225513,224708,220306,214514,208079,200140,193377,189351,186209,183718,176209,162754,148273,137951,130101,121525,112669,106051,98927,91101,85275,80230,75680,71261,68609,67147,66201,66076,64716,62544,59471,55729,51270,46786,42868,39161,36095,32783,30089,27753,25617,24548,23607,22413,20772,20034,19402,18854,17683,17231,16942,16027,14709,13026,11128,9540,8614,7745,7378,7088,6887,6309,5951,5243,4028,3057,2149,1643,1207,944,783,699,503,410,314,172,75,24,13,2,0,1,1,1,1,1,0,0,0,0,0,0,0,0,0,0,0,0,0,0,0,0,0,0,0,0,0,0,0,0,0,0,0,0,0,0,0,0,0,0,0,0,0,0,0,0,0,0,0,0,0,0,0,0,0,0,0,0,0,0,0,31214,677,3511,570,661,543,350,295,285,276,282,268,295,284,285,289,317,335,336,310,361,372,359,346,381,345,387,364,365,346,337,367,402,389,377,392,430,478,445,469,437,439,445,502,469,463,472,503,474,482,468,478,486,485,534,529,573,590,580,623,661,687,708,804,844,888,994,1180,1698,2538,3816,5959,9273,14352,23002,37734,59495,79587,94019,105364,119215,132608,142233,148353,152038,154607,155944,160190,164618,167124,167827,168706,171613,178848,188790,196578,196512,192192,186462,177841,169115,162505,156517,149645,144629,140113,136015,133863,134838,135643,134469,131793,128207,123378,117875,114605,114931,118271,123861,127009,127489,125331,121358,116837,111935,104450,97660,91599,87212,81664,76910,71620,68088,64779,61659,59924,58477,58255,60980,67156,80751,100197,124886,147766,160918,165207,161931,153516,144476,138456,136153,137098,137053,137722,137231,134498,128895,119560,107003,95176,84657,76705,71304,66974,64135,62020,60836,60724,59413,56981,53191,47396,41265,34410,28953,25101,23347,22426,21729,21185,20114,18547,16625,14494,12360,10480,8721,6947,5375,4077,3250,2582,2146,1649,1328,1035,808,575,528,427,360,294,177,98,52,11,1,0,0,0,0,0,0,0,0,0,0,0,0,0,0,0,0,0,0,0,0,0,0,0,0,0,0,0,0,0,0,0,0,0,0,0,0,0,0,0,0,0,0,0,0,0,0,0,0,sujo
0,815,1015,95,249,144,78,80,81,108,62,88,97,81,65,85,97,91,106,114,89,64,91,72,77,74,73,74,69,106,94,112,118,92,125,136,131,129,130,143,166,161,216,669,2670,8250,18736,34388,53103,78616,124826,206266,321952,437517,489883,453027,349452,229439,136071,80913,56700,47589,42655,40051,37731,35465,34337,33625,34205,35107,37379,45000,61263,87178,120740,157914,189108,206029,204302,187563,167967,151304,137924,125838,112121,95482,79373,65770,53975,45731,40528,37249,35701,37957,43561,51345,60853,69797,79457,92560,110568,140086,182006,238058,296746,347732,376649,379494,364685,344985,316740,291124,265508,244065,226118,207632,186121,160925,134750,109115,88724,72023,60069,51525,45713,41638,37347,32533,28012,24249,20733,18145,16535,15057,13870,12708,12141,11069,10012,9142,8427,8118,7665,7356,7093,6899,6442,6061,5702,5392,5150,5017,4985,5290,5406,5414,5123,4791,4523,4334,4286,3992,3571,3184,2376,1713,1234,906,711,593,515,464,462,427,357,275,242,163,107,122,90,98,74,63,46,39,25,11,8,1,0,0,0,0,0,0,0,0,0,0,0,0,0,0,0,0,0,0,0,0,0,0,0,0,0,0,0,0,0,0,0,0,0,0,0,0,0,0,0,0,0,0,0,0,0,0,0,0,0,0,0,0,0,0,0,0,0,0,0,0,0,0,0,0,0,0,0,2687,382,224,132,72,52,56,57,60,63,60,89,96,78,93,97,68,88,87,94,79,68,89,93,89,104,107,116,122,117,106,129,127,153,126,166,342,1408,4785,11288,20424,30466,41114,55932,80849,119560,169017,225740,292780,346011,367057,348448,299215,234697,167141,111945,73889,54735,46507,42207,38884,36798,34974,33485,32581,31937,31861,31809,31943,34350,42189,58981,84861,118472,155222,186926,204071,202725,186215,166805,150184,136883,124619,110246,92840,76081,61643,50417,41417,35716,32661,29670,28821,29049,29923,31545,31603,31240,30156,28875,28674,29202,32536,38046,47423,60019,76408,95252,114280,129492,137273,140457,141116,138931,133676,125175,118377,112001,106085,101961,97925,96006,94785,98275,105620,119821,141736,174134,211377,245173,262240,262960,254274,244760,237086,226063,209262,185915,158182,127807,96768,70323,49922,35158,25339,18534,14420,11749,10066,8965,8475,8105,7850,7199,6746,6233,5833,5446,4988,4887,5092,5066,5109,4940,4746,4570,4408,4261,3829,2983,2181,1509,1001,661,511,346,287,202,178,134,104,106,80,72,50,50,29,27,14,2,0,0,0,0,0,0,0,0,0,0,0,0,0,0,0,0,0,0,0,0,0,0,0,0,0,0,0,0,0,0,0,0,0,0,0,0,0,0,0,0,0,0,0,0,0,0,0,0,0,0,0,0,0,0,0,0,0,0,0,0,0,0,0,0,0,0,4109,246,202,109,98,114,81,92,110,117,94,105,86,97,92,102,105,110,77,116,100,123,140,134,239,868,2682,6202,11197,16824,22451,29600,40982,58438,80040,101647,118370,133461,150891,164746,165331,155029,143819,146552,173870,212625,243562,245393,214015,162141,110388,71842,51239,42849,40318,38428,36536,34991,33504,31589,30151,28306,27326,25794,24164,23308,23812,24760,26975,31276,39817,56261,81311,113082,147382,174593,185600,178715,157320,133374,116228,111021,112999,113621,108263,96282,79583,64012,51126,41695,36683,32874,31049,30986,31457,32144,31796,31112,29950,28310,27522,26437,26325,25987,26026,25952,26006,25836,26052,26213,26017,25731,26317,28159,31793,37210,42866,49189,56357,64828,76151,86554,97217,103582,104133,102602,97644,92448,86968,83185,81121,78737,76562,72946,67803,62625,58332,54332,52446,51176,51660,52502,53222,54551,53972,52882,50129,46633,44888,43192,42729,42941,44406,47161,51828,58984,69144,82674,102413,126740,153506,175157,182691,177852,163362,147328,134964,130004,130791,134638,134607,130501,122215,111842,101123,90834,81735,70612,57456,42691,30024,18911,10673,5460,2560,1223,694,532,453,375,354,284,214,146,94,44,25,16,9,6,4,2,3,1,1,1,0,0,1,4,0,1,0,2,0,0,0,0,0,0,0,0,0,0,0,0,0,0,0,0,0,0,0,0,0,0,0,0,0,0,0,0,0,0,0,0,0,0,0,0,0,0,0,0,0,sujo
0,0,0,0,0,0,0,0,0,0,0,0,0,0,0,0,0,0,0,0,0,0,4,9,29,55,72,125,161,136,122,126,138,159,194,385,1418,7242,20774,34501,39435,47834,61704,72460,77414,84870,95287,107662,119403,128697,135317,144332,153445,162385,167864,169684,168245,166445,163299,154404,140288,123709,106607,88135,71303,58009,47172,38431,33543,31684,31412,34570,41354,53514,71870,94210,117694,133394,139219,137805,135933,133527,133597,131739,127513,119442,110136,98933,88826,81518,78566,79553,83182,90035,99087,107716,116295,125573,139928,158155,173181,184027,189350,191900,195167,200422,206425,215292,227232,243105,258768,265891,264080,253504,238380,221501,201168,180994,159970,138846,120416,106834,97796,94690,93885,94397,91692,86917,79887,71456,62012,52960,44638,38116,32907,29455,26351,23324,20361,17670,15239,12803,10963,9904,9017,8197,7549,6796,6219,5940,5752,5708,5673,5857,5852,5659,5191,4567,4041,3527,3415,3228,3257,3172,3060,2875,2794,2645,2686,2859,3092,2716,2232,1665,1098,490,203,56,15,7,1,0,0,0,0,0,0,0,0,0,0,0,0,0,0,0,0,0,0,0,0,0,0,0,0,0,0,0,0,0,0,0,0,0,0,0,0,0,0,0,0,0,0,0,0,0,0,0,0,0,0,0,0,0,0,0,0,0,0,0,0,0,0,0,0,0,0,0,0,0,0,0,0,0,0,0,0,0,0,0,0,0,3,5,22,40,61,91,127,95,83,72,68,84,96,93,80,85,79,78,90,90,111,160,271,308,375,402,372,403,751,3479,16602,47105,80404,91607,86361,79488,78171,81965,90964,102737,112938,117982,121642,128311,140200,148773,152199,152496,153649,154756,158010,160380,154531,138184,116092,94573,74039,56859,43412,34897,29400,25735,23862,23738,25467,29506,36916,49685,68711,90749,113818,129126,135396,134626,133317,130902,130264,127417,120964,111946,101895,91132,80866,73310,67933,64505,62950,61057,62366,64717,66831,65771,63127,59753,56784,53640,51908,49953,49252,48943,49929,51547,56671,62552,69633,76078,81431,87140,93974,101972,110916,121418,135473,149830,161388,173285,184935,200388,219149,236466,245968,244629,238539,231895,230662,232023,227253,215800,199376,183101,164088,145301,126211,109087,93541,79678,68261,57011,47603,38637,31144,24805,19564,16251,14213,12788,11990,11177,10213,9234,8284,7277,6289,5492,4775,4002,3553,3230,2941,2721,2643,2579,2467,2446,2410,2377,2332,2453,2366,2488,2563,2775,2832,2782,2352,1749,1116,550,206,72,18,2,1,0,0,0,0,0,0,0,0,0,0,0,0,0,0,0,0,0,0,0,0,0,0,0,0,0,0,0,0,0,0,0,0,0,0,0,0,0,0,0,0,0,0,0,0,0,0,0,0,0,0,0,0,0,0,0,0,0,0,0,0,0,0,0,0,0,0,0,0,1097,129,95,86,81,67,78,60,66,90,179,288,350,366,387,364,368,342,353,356,348,344,368,394,560,1529,4457,10214,17951,26502,36480,53339,80280,106645,113680,106328,98556,94262,91056,89799,92775,97944,104498,113502,127034,143153,157541,165922,166384,161232,151478,139849,127045,113286,97692,82794,68676,56040,44900,36043,29580,24203,20384,17315,15565,14904,15114,16626,19145,22512,27958,36332,49047,67106,88273,108764,120203,120531,112876,103952,96747,97136,101320,105912,107651,105614,99435,90958,80402,70483,63810,60311,59209,58867,57828,56901,56691,55758,54404,52331,49579,46817,44703,42793,41359,40682,39576,38234,36886,34661,33412,32081,31823,32045,33076,34268,36958,41479,45330,50361,54530,59227,62249,64910,66442,69210,72661,77521,82520,89334,94368,96414,95380,92484,88894,85556,82820,81754,81855,84968,92458,104269,115651,122903,121824,118238,111686,103017,93436,85539,81012,82145,88638,97989,106720,112299,116561,118450,119719,121892,126857,132341,134749,135403,132999,127621,117281,105504,92394,80460,70084,61523,54313,48853,44129,41819,40186,40022,38978,35531,29517,23121,16676,11222,6971,4549,3525,3199,2835,2206,1596,956,436,163,52,21,1,0,1,0,0,0,0,0,0,0,0,0,0,0,0,0,0,0,0,0,0,0,0,0,0,0,0,0,0,0,0,0,0,0,0,0,0,0,0,0,0,0,0,0,0,0,0,0,0,0,0,0,0,0,0,0,0,0,0,sujo
0,2066,313,120,97,87,72,67,70,93,87,75,101,100,111,101,118,143,143,149,157,131,157,183,168,175,199,197,227,253,278,271,279,335,367,428,369,408,432,455,502,587,810,1449,3644,8221,16323,28796,43139,58852,75142,92594,110703,129461,149837,171904,196963,226968,256862,291316,325653,354526,367488,360529,334592,293880,246010,198027,155835,118998,91039,69303,53805,42079,33120,28379,27853,30796,38390,49760,65958,88147,111263,129401,138148,139256,139676,139556,138616,137835,137730,136288,135395,133703,128777,122142,113025,105898,98267,93044,88375,86975,86241,86928,88844,93181,99559,110315,125187,142767,160712,178855,190883,195414,191900,178844,159844,139190,117714,97626,78575,63217,50778,43344,39213,37262,37488,38139,39821,41465,42689,42934,42412,42224,40692,38645,35532,32646,29590,26675,23912,21946,20700,19634,19155,18718,18582,19222,19696,20439,21078,22479,23274,24336,24160,24599,23742,23507,22524,22505,22509,23201,25168,27423,28936,30709,31039,31533,31666,31245,30628,29696,28114,26640,24509,22839,20679,17808,15377,12296,9368,7278,5420,4032,3151,2550,2272,1888,1810,1773,1642,1718,1678,1475,1436,1401,1391,1306,1249,1069,967,918,795,891,826,748,716,592,594,533,432,394,386,348,287,251,239,203,162,154,146,120,100,81,88,75,60,66,43,30,20,16,16,15,7,4,2,2,2,3,0,0,0,0,0,1,0,0,0,0,0,0,0,0,0,0,0,1573,590,211,103,106,81,66,64,68,84,93,91,76,91,95,110,118,115,146,161,159,148,119,156,173,179,174,194,222,245,256,274,277,315,377,392,405,377,439,458,506,535,581,667,653,816,957,1866,4821,11214,22844,39351,57626,75997,93542,111701,132789,158988,191523,232516,282235,333091,382284,423805,441822,426384,385511,331248,269239,208654,154533,112742,82773,63115,51436,44209,38824,35168,32935,31323,30462,31723,36204,46814,65263,92714,122373,146715,161395,168483,173095,177708,179507,179183,177266,172592,165604,154799,140854,125456,110822,99779,91920,88066,87635,89043,93206,100067,108644,117003,127011,140464,159516,178712,195500,208391,213431,207474,194708,176397,155237,134825,114518,95885,79970,67037,56264,48111,42362,38212,35726,34099,33229,32034,31288,30319,28956,27856,26071,24772,23051,22335,21256,19893,18414,16936,15240,12926,10886,9074,7703,6888,5871,5366,4706,4228,3790,3481,3228,2856,2653,2514,2240,2102,1957,1795,1635,1538,1497,1417,1380,1318,1137,1014,980,853,706,618,455,358,243,165,90,51,33,22,16,13,4,8,8,8,6,7,5,6,6,3,8,7,2,5,7,2,1,3,0,1,0,0,0,0,0,0,0,0,0,0,0,0,0,0,0,0,0,0,0,0,0,0,0,0,0,0,0,0,0,0,0,0,0,0,0,0,0,0,0,0,0,0,0,0,0,0,0,0,1972,340,135,108,105,73,66,74,72,85,102,81,92,93,109,112,124,141,155,147,146,117,150,181,166,178,195,202,238,246,283,251,276,356,377,426,351,393,406,482,518,614,657,657,723,715,850,1186,2197,4942,9233,14416,21094,30458,43196,60176,78052,98857,122994,161817,216343,288992,366031,435797,479248,493644,474228,426140,359440,285694,212976,150506,105738,75525,56408,45126,37812,33687,31296,29639,28858,28296,28373,28382,28817,29295,29705,31483,36114,45833,63786,90768,118813,140496,152522,157011,157047,156822,153413,147267,145206,142653,142529,143255,142480,136401,129341,121844,113204,104978,96265,87167,80585,75046,72690,71639,72190,75902,80661,86731,92973,100582,111498,125723,143978,160747,174499,184221,185729,181431,174318,164118,149830,132537,114059,94829,78360,64038,52381,41410,32872,25570,21016,17600,15905,15313,15036,16177,16434,17604,18462,18990,18574,18254,17659,16794,15789,14472,13270,11466,9527,8105,6682,5616,4654,3880,3394,3006,2572,2472,2267,2058,1906,1845,1656,1508,1409,1383,1238,1209,1136,1098,957,965,858,702,653,491,399,293,160,98,51,38,23,16,9,1,8,7,7,4,5,6,7,3,1,0,1,1,0,0,1,0,0,0,0,0,0,0,0,0,0,0,0,0,0,0,0,0,0,0,0,0,0,0,0,0,0,0,0,0,0,0,0,0,0,0,0,0,0,0,0,0,0,sujo
0,0,0,0,0,0,0,0,0,0,0,0,0,0,0,0,0,0,0,0,0,0,0,0,0,0,0,0,0,0,0,0,0,0,0,0,0,0,0,0,0,0,0,0,0,0,0,0,0,0,0,0,0,1,5,19,33,51,66,81,81,107,137,154,183,221,239,278,316,442,479,574,777,1053,1634,3332,7122,15090,29252,54012,91624,141371,191412,227734,245142,249809,249479,251101,254132,258971,269997,288916,312874,330159,335123,331460,328493,329804,335581,341234,345881,352554,368263,391393,410964,417695,408111,383519,354435,320288,286415,253625,222202,194751,168220,145803,126858,111682,100595,93435,88719,85652,84778,84531,86139,88297,91803,95936,98116,100652,100627,98219,94590,90178,85627,80414,74387,68653,61929,55338,48715,42576,37030,32404,27873,23475,19326,15787,12918,10480,8646,6978,5787,5117,4286,3863,3316,3058,2706,2356,2072,1925,1676,1354,1141,847,688,481,345,199,139,89,51,28,22,8,4,1,2,0,1,1,0,0,0,0,0,0,0,0,0,0,0,0,0,0,0,0,0,0,0,0,0,0,0,0,0,0,0,0,0,0,0,0,0,0,0,0,0,0,0,0,0,0,0,0,0,0,0,0,0,0,0,0,0,0,0,0,0,0,0,0,0,0,0,0,0,0,0,0,0,0,0,0,0,0,0,0,0,0,0,0,0,0,0,0,0,0,0,0,0,0,0,0,0,0,0,0,0,0,0,0,0,0,0,0,0,0,0,0,0,0,0,0,0,0,0,0,0,0,0,0,0,0,0,0,0,1,5,19,34,57,76,95,120,155,170,167,212,253,264,329,367,447,491,535,595,674,740,880,1095,1238,1381,1871,2788,4852,8593,13862,21461,35082,56503,86595,120641,152103,175438,191126,200399,208734,219509,231420,248204,272485,297231,320533,337088,346792,351257,356526,364284,370524,374024,376489,379630,384151,384121,378610,369628,354980,337430,318164,294935,267273,235844,203295,171030,143072,118378,99522,85966,76382,71948,71515,73721,78653,84137,88249,90416,88193,84418,78063,71059,64334,58986,54614,50877,47801,45345,43199,40735,38480,34846,31530,27905,24628,22723,21386,21137,22050,23851,25747,28743,31385,33902,36628,38321,39668,39505,39204,38691,38505,38438,39069,38653,38355,38221,36588,34624,32977,30876,28837,26878,24710,22592,20743,18864,17219,16224,15186,14378,14006,13153,12720,12044,11684,11118,10680,9988,9054,7826,6833,5757,4531,3521,2584,1857,1254,898,609,401,313,217,146,89,66,37,25,16,8,6,2,1,1,0,0,0,0,0,0,0,0,0,0,0,0,0,0,0,0,0,0,0,0,0,0,0,0,0,0,0,0,0,0,0,0,0,0,0,0,0,0,0,0,0,0,0,0,0,0,0,0,0,0,0,0,0,0,0,0,0,0,0,0,0,0,0,0,0,0,0,0,0,0,0,0,0,0,0,0,0,0,0,0,0,0,0,0,0,0,0,0,0,0,0,0,0,0,0,0,0,0,0,0,0,0,0,0,0,1,5,19,33,54,72,87,107,149,164,173,197,266,299,350,465,546,682,937,1621,3049,5555,8861,13375,18883,26248,36974,51769,69335,89382,107875,124177,139428,158763,186056,216791,244609,261800,266416,265376,267781,277804,293738,317163,342389,362475,370148,357433,333369,306790,284149,272690,274515,288680,306095,322040,327459,323638,313803,298973,282247,262782,239311,215721,188344,161085,134540,111442,92834,79193,68626,64226,62052,63724,67764,72587,76369,78064,77041,73503,68443,62627,56233,51562,47422,44792,42318,41074,39748,38182,37070,35525,33518,32074,31058,29981,29314,27709,26079,24463,22722,21501,20586,20251,20645,22068,23346,25256,26914,28915,30484,30937,31005,29623,29388,28456,28132,28250,28968,29563,29461,29280,28539,27262,25636,24132,22897,21605,20892,20982,20961,21410,21591,21391,21530,20707,19981,18746,17339,16259,15242,14276,13559,12971,12560,12049,11818,11583,11447,11111,10397,10041,9037,7671,6406,5294,4009,2985,2222,1528,1026,699,400,236,142,78,39,11,13,7,2,2,0,0,0,0,0,0,0,0,0,0,0,0,0,0,0,0,0,0,0,sujo
0,36,12,21,22,19,15,15,29,30,24,32,22,24,19,22,24,26,30,33,48,35,45,44,50,64,80,82,90,77,80,75,82,150,698,3593,9873,18711,26621,29817,26150,19935,17040,16035,16870,19898,25920,34923,44719,49783,49736,44795,37174,30020,25799,23446,21998,21228,22459,25935,30937,34836,36293,36916,36134,34115,32920,32419,32863,34077,34159,34042,32988,32362,32086,31731,31937,32620,33079,32750,32469,31661,30352,29660,29200,29036,29234,29227,30373,32968,36028,39817,44534,49030,55237,63297,74556,87552,102347,117989,138158,161714,183314,201696,215704,222595,218812,209684,199218,190065,187314,190586,199218,209279,212416,208270,195753,180223,164698,149472,135139,123318,111369,98846,88763,79606,70067,62176,55818,51036,48204,45820,44280,43136,42774,42818,43256,43605,43580,43901,44823,46957,49481,51064,52969,54682,55833,56995,58914,60546,62053,61687,61895,61423,60792,61052,63328,65543,68845,72660,77277,82605,89284,98691,109026,122954,144296,172938,200147,220796,238717,251955,250792,229317,195607,156786,121129,89509,64955,49236,40709,36126,32521,28371,24746,20919,18068,15374,13210,11666,10576,10151,9732,9590,9363,9229,8767,8255,7633,7028,6205,5457,5034,4463,4270,3989,3724,3476,3323,2992,2676,2540,2271,2001,1866,1746,1629,1575,1493,1348,1190,901,705,521,355,227,124,66,37,14,11,5,1,5,1,0,1,0,0,0,0,0,0,0,0,0,0,0,0,0,0,0,0,0,0,0,0,3,25,18,16,18,20,17,15,26,21,25,23,28,24,20,21,17,20,33,31,37,38,39,44,44,65,63,69,104,58,78,90,78,86,99,117,124,687,3511,9932,19407,29426,35778,33807,25880,22242,25325,33273,41981,48921,50066,46705,40496,32578,24415,18717,15679,14865,15507,16380,17336,19237,22897,28342,33056,35160,36610,36706,34854,32457,30524,31017,33196,35446,36950,37999,38321,38824,39339,40959,42967,44866,46058,45556,45306,43571,42637,42120,42377,42398,41955,42731,45394,48546,53746,61195,69638,77434,87113,96943,109557,124121,140344,156755,171011,182263,191862,199707,206208,210676,217062,227578,244544,268443,293292,315334,339505,357918,369972,381463,405182,430142,447122,448258,431426,392220,340104,281837,229196,186753,156253,134586,118308,104520,91596,80992,70656,60853,51318,43512,37160,31876,27834,24871,23193,21696,20080,18579,17593,16036,15074,14305,13321,12773,12189,11534,10716,9796,8987,8318,7769,7136,6750,6253,5706,5366,4995,4710,4610,4203,4020,3727,3312,3076,2775,2442,2172,2052,1787,1555,1495,1389,1352,1223,1162,1073,1075,911,797,723,694,696,698,596,634,546,523,508,440,393,319,245,195,174,124,90,61,26,21,7,1,0,0,0,0,0,0,0,0,0,0,0,0,0,0,0,0,0,0,0,0,0,0,0,0,0,0,0,0,0,0,0,0,0,0,0,0,0,0,0,0,0,0,0,0,0,106,18,27,28,21,25,27,21,18,24,29,27,39,39,43,33,47,48,56,66,66,60,68,59,55,77,66,80,88,97,108,92,102,96,83,128,668,3515,9959,19444,29445,35815,33687,25513,21002,22447,29388,39110,47602,50876,48634,42545,34431,26283,20113,16420,14921,14887,15626,16983,19108,22622,27408,31162,32834,33661,33337,31714,29804,28214,28611,30415,31649,32964,33424,33949,33883,34230,35153,36161,37893,39639,41032,41689,41812,41664,40789,40452,39481,39460,39669,40163,41163,42458,43872,45280,46341,47233,49280,52395,56865,62942,71034,78157,85759,95395,105448,116363,125580,134763,145150,155881,164751,171852,178013,184974,194424,206437,219292,235667,257475,287021,328684,381364,434818,478304,502884,501607,473178,427109,375184,319503,267601,225909,196923,177666,161900,148375,135838,121449,109399,96127,85215,74615,64250,54966,46051,38898,33112,28096,23991,20951,18686,17260,15938,15408,14415,13341,12388,11000,9760,8717,8092,7386,6982,6642,6124,5751,5535,5069,4783,4495,4168,3780,3453,3026,2734,2360,2265,2046,1864,1643,1501,1264,1128,963,860,765,719,693,700,648,640,568,542,479,444,437,390,332,278,218,185,173,114,85,58,20,19,7,0,0,0,0,0,0,0,0,0,0,0,0,0,0,0,0,0,0,0,0,0,0,0,0,0,0,0,0,0,0,0,0,0,0,0,0,0,0,0,0,0,0,0,0,0,sujo
0,0,0,0,0,0,0,0,0,0,0,0,0,0,0,0,0,0,0,0,0,0,0,0,0,0,0,0,0,0,0,0,0,0,0,0,0,0,1,6,10,35,55,107,236,794,3399,13628,41682,93112,157464,216460,259695,274514,256345,211825,165293,132791,118924,121581,138495,167131,203134,243351,288182,339209,400253,464542,515247,543341,551444,547863,548761,560185,582866,605273,611865,595728,548338,477341,394237,314235,243965,183996,136762,100997,74985,57177,45828,37552,31988,28038,25781,23971,22736,21123,19498,18049,16337,14780,13344,12177,10981,10035,9112,8003,7106,6471,5706,5242,4729,4502,4375,4501,4537,4656,4547,4527,4479,4334,4108,3944,3776,3375,3107,2652,2453,2210,1891,1418,1202,919,681,537,360,216,166,98,71,34,28,13,10,11,5,3,1,0,3,0,0,0,0,2,0,0,0,0,0,1,0,0,0,0,0,0,0,0,0,0,0,0,0,0,0,0,0,0,0,0,0,0,0,0,0,0,0,0,0,0,0,0,0,0,0,0,0,0,0,0,0,0,0,0,0,0,0,0,0,0,0,0,0,0,0,0,0,0,0,0,0,0,0,0,0,0,0,0,0,0,0,0,0,0,0,0,0,0,0,0,0,0,0,0,0,0,0,0,0,0,0,0,0,0,0,0,0,0,0,0,0,0,0,0,0,0,0,0,0,0,0,0,0,0,0,0,0,0,0,0,0,0,0,0,0,0,0,0,0,0,0,0,0,0,0,0,0,0,0,0,0,1,5,35,164,1070,4987,15973,33087,50027,63006,83294,115404,159549,207338,241222,244854,219376,178285,138334,107089,85729,74574,73575,80518,91725,103886,120493,146418,179418,211271,225842,229499,224858,224692,232231,248127,272447,301667,333894,367594,393122,403159,394640,370609,340887,306647,269560,235845,202846,173522,149193,129459,115204,103911,97176,92989,91806,90291,88639,87860,86952,90029,94718,98864,101765,102037,99102,93761,88983,84668,82049,79053,77643,76686,75101,73840,74130,75025,77025,78690,80718,79473,77617,73974,69199,63467,58480,54711,51055,47169,42900,38601,34741,30861,26149,22403,18956,16134,13864,11930,10615,9539,9100,8910,8601,8864,8865,9023,9309,9734,10023,10003,10084,10519,10362,10624,10862,11242,11285,11653,11985,12258,12518,12841,13133,13408,13372,13331,13302,13461,13148,13171,13327,13511,13606,13431,13368,13203,12997,12176,11306,10363,8994,7607,6284,5160,4180,3260,2543,1958,1578,1103,834,549,423,243,158,117,80,47,39,26,34,15,13,9,13,8,3,8,9,6,2,1,2,4,1,0,1,2,1,0,0,0,0,2,0,0,0,0,0,0,0,0,0,1,0,0,0,0,2,0,0,0,0,0,1,0,0,0,0,6,0,0,0,0,0,0,0,0,0,0,0,0,0,0,0,0,0,0,0,0,0,0,0,0,0,0,0,0,0,0,0,0,0,0,0,0,0,0,0,0,0,0,0,0,0,0,0,0,0,0,0,0,0,0,0,0,0,0,0,2,10,77,496,2462,7450,16269,26557,34064,35004,34980,36573,42053,56051,79396,110053,141787,170951,189389,194674,190877,181870,165367,139090,113002,95156,89672,95912,107827,119522,128214,133571,137924,143012,147497,151024,154957,161923,175908,196400,221372,247620,276870,300352,313216,318871,317433,310003,301800,289278,277079,265107,251439,235298,217403,198982,178251,158552,139842,121863,108376,97370,90028,86005,85293,87740,91494,94375,93743,92588,90889,88795,84811,80467,76653,73038,70242,68065,66827,66214,66151,65507,64928,64719,63670,63558,63007,62821,63261,63063,63863,64575,65641,68093,70407,71933,72021,70072,67383,64881,61996,58458,54313,51807,46939,42119,36688,31648,26905,22924,19300,16618,14650,12935,12175,11422,11116,10807,10800,10596,10721,10497,10361,10062,9785,9178,8848,8375,8026,7892,7652,7828,7736,7950,8117,8412,8571,8693,9014,9330,9366,9580,10218,10411,11346,11820,12627,13176,14232,14516,14904,15378,15100,14939,14360,13451,12434,11339,9897,8418,7002,5556,4528,3521,2634,1993,1494,1074,682,515,382,244,175,116,72,62,25,21,16,14,10,12,10,10,4,7,3,5,3,4,1,0,0,0,0,2,sujo
3844,3697,546,132,139,130,82,89,84,98,82,91,70,94,84,82,95,89,113,125,96,110,113,107,116,128,133,138,164,158,183,177,192,193,187,201,228,241,231,256,252,260,285,305,328,359,291,322,314,319,368,428,414,452,430,442,489,520,477,506,571,658,696,710,733,766,778,897,974,1006,1021,1137,1095,1076,1078,1096,1166,1182,1259,1458,1382,1520,1745,2255,2919,3458,4209,5299,7261,9914,14013,18772,23882,29377,37271,48267,61774,76221,90488,103543,114242,123004,129833,134626,138143,141604,144815,148929,155437,165002,178440,190865,204986,218803,231777,241982,245640,239336,228478,215348,203709,195287,188351,182774,179116,175408,169583,159721,150641,141109,133759,126993,122481,117571,113366,108626,103536,99377,95323,91537,88146,85159,82449,81002,77500,73916,69752,66499,62998,61013,60751,60210,60484,60847,60272,59099,57850,57792,58170,59615,61716,65051,68852,71850,74100,74687,74990,74541,74944,73983,72584,71881,70253,68835,68332,68076,67052,67509,67747,69076,70895,71802,74078,75284,76627,77029,77588,76810,75915,75302,74286,72722,70367,66767,62408,58037,54825,50779,47356,44501,41812,39656,38462,37838,38838,40460,42165,42040,40830,38236,35000,31869,28966,26119,24705,22585,22474,21908,20872,19794,18168,16720,15359,14480,13510,13057,12466,12522,11890,11523,10383,8727,7284,5809,4952,4478,3815,3364,2849,2527,2168,1866,1595,1393,1308,1112,968,831,668,659,589,548,463,413,399,383,0,3491,787,263,152,112,93,79,87,90,104,98,88,121,131,121,145,152,178,201,288,312,481,614,824,1143,1485,1866,2473,2991,3696,4280,4722,5065,5435,5977,6726,7711,9180,10639,11999,13344,14525,15447,16149,16981,17708,18383,19175,20493,22919,25115,25891,26831,27437,27775,27804,27227,26762,26539,26168,26158,25999,25219,24308,24230,24335,24272,24169,23501,22909,22330,21736,21143,21540,21795,22980,23886,24206,24443,24028,23252,22528,21895,21174,20216,19564,19161,18892,19292,19697,20262,21087,22868,24866,27705,31760,38543,49128,61964,73454,83624,92757,100395,106901,115542,123977,130577,141482,155626,167282,175814,179587,179919,181108,184043,184492,188729,197436,208793,217382,224643,232479,239245,249147,256962,256119,247551,236292,228373,220522,212661,203499,195026,184653,174707,164099,154329,143410,132876,124649,120208,119806,120372,118957,112813,105665,97411,89014,81377,77541,75719,74243,74101,72918,70174,66975,64209,61655,60687,58404,58121,57711,56520,56681,55895,55768,56744,56681,56144,55236,53744,52417,49965,47806,45131,43455,41802,40501,40417,39823,38912,37833,36564,34912,32600,30010,27352,24938,23231,22186,20788,18713,16186,14163,11807,10127,8844,7818,7112,6350,5692,5176,4746,4289,3724,3317,2990,2579,2031,1582,1293,988,786,680,514,455,357,259,196,197,162,119,102,70,51,32,16,19,12,12,8,7,3,3,0,0,0,0,0,0,0,0,0,0,0,0,0,0,0,0,0,0,0,0,0,0,3955,400,370,214,234,180,167,184,236,275,350,482,649,906,1263,1744,2430,3198,4042,4572,4979,5543,6174,7401,8622,10126,11250,11988,12995,13619,14290,14590,15265,15567,16378,17472,18381,20317,23150,24967,26907,27793,27323,26473,25469,25282,24941,24771,24464,24464,23796,23262,22477,21931,21876,21481,21044,20302,19999,19402,18978,18930,19372,20267,21281,21981,22185,21917,21660,21033,20228,19686,19269,18569,18060,17870,17415,17428,17306,17496,17904,18539,18767,19198,19488,19238,19698,19750,20092,20129,20550,21360,21495,21959,22083,22101,21727,22365,22210,23162,24395,27629,33516,40961,49723,58720,66700,74462,81650,88744,94238,99885,106391,114080,123375,133671,146378,158065,165515,168091,171250,173585,177463,183741,189054,193412,197571,203418,209066,216485,229601,242541,255972,265779,267573,262843,254035,244565,237588,229928,220519,208420,192895,176962,162480,152120,144361,139961,136285,130045,123721,114069,106125,99648,95123,91115,86846,82297,77453,72838,69550,67269,65430,63376,61644,60320,59770,60112,59947,59879,59086,59375,58466,57369,56246,54549,51095,47712,44733,41157,38537,35596,33283,30357,28300,24475,21303,18469,16255,15366,14380,13603,12469,11494,10378,9385,8248,7083,6294,5602,5075,4475,3907,3502,3067,2559,2173,1778,1511,1132,795,535,368,242,179,138,113,96,72,53,40,38,34,23,20,16,11,4,0,4,2,3,0,3,0,0,0,0,0,0,0,0,0,0,0,0,0,0,0,0,0,0,0,0,0,sujo
0,5439,599,211,190,164,104,125,99,70,87,82,92,62,88,79,101,91,118,100,118,110,131,139,166,176,186,196,205,219,208,235,260,320,454,665,1241,1823,2387,3151,4603,6791,8659,10282,12345,14963,17857,20507,22724,27521,36886,47262,54305,60755,69107,79916,94623,109732,122316,131457,141386,152050,159948,164158,171021,182062,196283,209401,215740,216577,217105,216205,209537,201771,197691,196937,199543,204528,207325,202948,190825,178145,166257,157193,154151,157207,160668,163085,162148,157711,150838,142739,136270,134808,135625,137729,140076,141403,139770,138101,136725,136971,137346,137294,138245,140536,139629,133085,123854,114063,104590,97191,90943,85128,81171,77238,72665,67767,64267,62519,61401,60445,59874,60081,60555,61013,61348,60343,58780,56143,53461,51228,49316,48174,47021,45921,45213,44725,44278,44218,45077,46636,48197,49513,49174,48018,46826,44682,42119,39223,36696,35437,34683,33051,30887,27182,23518,20177,17843,15349,13726,11999,11170,10451,10073,9445,8697,8283,7585,6958,6124,4967,4039,3169,2739,2346,2005,1984,1992,1960,1984,2063,2211,2214,2422,2614,2767,2796,2748,2548,2112,1821,1410,1380,1276,1050,958,788,552,374,241,186,191,211,196,211,220,233,265,235,235,229,212,219,228,237,190,181,173,164,150,143,132,123,107,98,82,60,55,32,18,18,2,2,1,0,0,0,0,0,0,0,0,0,0,0,0,0,0,0,0,0,0,0,0,0,0,5331,734,253,170,121,75,71,71,70,87,73,85,71,89,85,93,96,106,99,119,102,131,127,131,176,159,150,205,178,219,249,222,260,290,342,358,393,456,513,505,641,676,807,1156,1684,2234,3276,4842,8255,13825,22654,34493,46220,55045,63678,71720,80337,91834,104896,116131,122468,126847,130965,135337,145581,161180,175645,188408,207273,222994,228141,228310,231891,237001,237092,233521,230753,225518,215527,207043,200354,193920,185502,179360,171696,163972,155492,149195,144953,140583,133224,127724,126224,126832,131413,135941,136341,134231,128862,123714,118403,115925,114746,113738,114575,114474,112377,110148,111637,113964,114433,113273,111663,110585,111448,111553,111641,110786,109511,102803,94274,86170,79136,73941,70657,67439,62647,59332,58393,57038,55642,54279,53917,54713,56350,59414,63289,64517,64253,61153,58900,56847,55110,52572,48459,43419,39012,35816,32953,31039,28807,27353,26599,25514,24189,21610,19179,16941,15040,13245,11933,10987,10488,9446,8982,8386,7704,7008,6824,6463,5693,5037,4460,3746,3304,2753,2235,2135,1856,1823,1728,1724,1799,1862,1939,2121,2350,2571,2909,3156,3157,3036,2577,2102,1586,1401,1227,1115,1011,965,799,579,390,253,175,127,116,133,116,100,87,70,53,32,17,11,2,3,0,0,0,0,0,0,0,0,0,0,0,0,0,0,0,0,0,0,0,0,0,0,0,0,0,0,0,0,0,0,0,0,0,0,0,0,0,0,5106,477,489,215,170,109,82,72,69,76,104,79,75,90,74,85,107,104,107,88,124,114,143,118,138,170,167,173,220,202,231,228,254,277,314,364,383,442,481,502,608,688,863,1078,1538,2405,4125,7254,12810,21431,28103,31306,32216,35226,41032,46247,50525,55784,62938,71620,79183,81497,81224,81475,82653,83288,87036,95083,110998,128513,146210,162304,177624,192907,209058,222324,226433,220869,213499,204357,197355,194696,197647,201268,201398,198489,195453,190595,181227,168331,156180,149034,144949,144071,140850,137324,131144,124206,118806,115169,115248,116827,118824,121620,122248,122041,121288,119046,116511,114711,112430,109991,106858,104555,103190,101939,100447,99641,100164,101000,103045,104008,104208,106141,107931,109455,109647,107913,102126,93550,85445,77971,72908,68716,65390,61579,58839,57253,55275,53328,52471,52079,53011,52983,53858,53902,54347,52866,51762,51214,51287,51543,51628,50376,48344,45630,43133,40718,38272,35795,33863,33431,32052,29555,26199,22740,19010,15888,14006,12728,12286,11444,10571,9958,9186,8165,7254,6346,5560,4888,4225,3884,3472,3032,2605,2397,2163,1942,2096,2148,2317,2518,2849,2938,2959,2881,2562,2140,1871,1584,1601,1421,1204,937,666,442,339,256,218,205,181,159,148,130,109,106,89,79,57,33,15,7,6,4,2,0,0,0,0,0,0,0,0,0,0,0,0,0,0,0,0,0,0,0,0,0,0,0,0,0,0,0,0,0,0,sujo
0,0,0,0,0,0,0,0,0,0,0,0,0,0,0,0,0,0,0,0,0,0,0,0,0,0,0,0,0,2,19,102,228,281,310,283,290,326,308,291,237,277,323,329,340,299,359,425,407,439,463,444,472,501,566,618,643,731,967,1283,1855,2995,5193,8908,13709,19436,29015,46711,75576,114736,161825,208389,240604,257493,271019,286018,294551,290904,275309,253016,230176,212190,200566,198112,206603,228833,265707,303616,326993,333079,324959,313285,299994,284892,268225,249482,230918,219792,214794,215272,217691,219252,216853,210641,204677,206293,216443,234256,254605,275412,289344,297229,291076,274774,249418,217034,185700,157124,131646,110554,92162,75537,61545,52074,43955,36614,29967,24469,19615,15677,12465,9568,7278,5054,3660,2895,2518,2302,1913,1888,1838,1875,1866,1764,1751,1835,1733,1655,1499,1390,1151,934,667,386,199,87,37,23,7,5,1,2,0,2,0,0,1,0,0,0,0,0,0,0,0,0,0,0,0,0,0,1,0,0,0,0,0,0,0,0,0,0,0,0,0,0,0,0,0,0,0,0,0,0,0,0,0,0,0,0,0,0,0,0,0,0,0,0,0,0,0,0,0,0,0,0,0,0,0,0,0,0,0,0,0,0,0,0,0,0,0,0,0,0,0,0,0,0,0,0,0,0,0,0,0,0,0,0,0,0,0,0,0,0,0,0,0,0,0,0,0,0,0,0,0,0,0,0,0,0,3,18,86,170,175,172,214,244,226,261,294,266,254,241,248,218,266,260,238,264,296,306,345,390,393,395,391,378,426,436,458,387,413,468,489,507,613,809,949,1504,2192,3566,6064,9857,13141,13761,12242,11574,13766,22163,36891,57675,81162,107202,134691,157399,170627,172650,175748,186936,201718,210808,217974,226236,241406,256665,267574,272593,277686,288562,313328,343910,362535,363521,348294,325019,301985,279218,255347,237702,224533,211860,202147,192795,184539,179138,177588,175535,172685,171195,173674,184155,202814,229196,254667,270881,271275,253659,227470,200540,177970,161716,150041,137161,126418,116246,105224,96899,87877,76262,62234,48460,37696,31021,27003,25479,24748,24576,25348,25721,26449,26900,27537,27463,25444,22572,18871,15136,12490,11201,9860,8476,6926,5101,3667,2551,1728,1159,691,366,168,81,34,13,3,5,0,0,2,0,1,0,0,0,0,0,0,0,0,0,0,0,0,0,0,0,0,0,0,0,0,0,0,0,0,0,0,0,0,0,0,0,0,0,0,0,0,0,0,0,0,0,0,0,0,0,0,0,0,0,0,0,0,0,0,0,0,0,0,0,0,0,0,0,0,0,0,0,0,0,0,0,0,0,0,0,0,0,0,0,0,0,0,0,0,0,0,0,0,0,0,0,0,0,0,0,0,0,0,0,0,0,0,0,0,0,0,0,0,0,0,0,0,2,13,70,124,121,110,158,194,214,226,191,213,205,208,236,240,233,198,210,190,245,236,258,251,244,273,275,287,282,305,366,341,349,309,371,445,588,859,1223,2402,4746,8428,11197,11437,9921,7608,6138,5460,5236,5400,5915,6889,10916,20196,36726,57840,83978,115075,148505,182569,214414,242504,264766,280950,288812,284565,269926,252254,236324,225320,222173,230823,247643,267309,286481,295697,291629,277718,258933,242270,222391,202014,186749,178765,178902,187950,202949,221134,230415,226285,216492,211364,212930,218660,224356,228230,226356,220955,212268,196454,178653,159253,141272,126485,115551,108035,101926,97999,95540,95585,95496,97672,100568,101779,101426,99193,96176,90876,80728,68890,55714,44851,36875,31652,28433,26072,24189,22888,22589,22147,21468,21385,22459,23252,23910,24192,23671,22189,20431,17065,14396,12405,11506,11022,10236,9269,8573,7951,7580,7174,6526,6024,5577,5261,4914,4712,4365,3464,2545,1686,1040,473,246,85,34,18,7,0,1,0,0,0,0,0,0,0,0,0,0,0,0,0,0,0,0,0,0,0,0,0,0,0,0,0,0,0,0,0,0,0,0,0,0,0,0,0,0,0,0,0,0,0,0,0,0,0,0,0,0,0,0,0,0,0,0,sujo
0,0,0,0,0,0,0,0,0,0,0,0,0,0,0,0,0,0,0,1,5,2,5,4,7,6,9,8,10,13,15,20,29,47,69,85,111,144,144,151,177,185,167,178,201,240,276,263,305,288,297,295,310,309,314,345,394,623,942,1683,2678,3164,3471,3627,3967,5619,9859,17501,29861,47788,73233,104835,144827,190005,239913,292943,352448,405233,445018,462398,461813,451511,436615,422879,413363,405254,391512,364889,326309,278707,232061,189129,152821,123312,100443,84072,72467,63347,54867,48220,43826,39984,36377,33873,31289,28721,26949,25098,24184,23128,22956,22711,22356,22310,22398,22680,22957,23199,23422,23386,23321,22939,22456,22061,21771,21745,21341,20767,20193,19850,19943,20551,21331,22546,23774,24998,25971,27768,29802,31444,33619,35623,37722,39038,40602,41895,42845,43547,44186,46016,48411,52564,57205,61522,64918,66843,68983,71353,74608,78835,85696,93412,99346,102874,102512,98926,94316,89704,86515,84614,82681,83007,83852,85552,84279,81730,76307,69227,60652,51562,43509,37204,33423,30447,27951,25983,23895,21045,17581,14423,11236,8293,6125,4432,3303,2741,2278,2018,1745,1452,1214,1090,872,737,616,448,347,262,229,172,143,123,92,93,66,68,49,30,28,25,17,13,18,9,10,5,4,2,0,1,1,1,0,0,0,0,0,0,0,0,0,0,0,0,0,0,0,0,0,0,0,0,0,0,0,0,0,0,0,0,0,0,0,0,0,0,0,0,0,0,0,0,0,0,0,0,0,1,0,0,6,1,5,3,7,8,3,6,7,15,9,14,25,26,51,63,85,115,122,125,151,177,173,184,187,197,249,278,289,325,338,311,349,311,353,326,335,413,495,725,1258,2436,4310,8136,15056,25496,39902,57741,76909,96985,117522,138417,160459,183437,205210,223758,239052,253656,268992,284919,304223,330475,360382,394217,419759,430181,424784,402676,373882,347499,329026,313844,293192,261962,226044,191949,163539,148789,143413,143420,148331,156014,164547,175312,184283,188819,186157,176278,161128,147592,135815,126816,119981,114765,109174,103721,97978,93384,91590,92641,93377,92027,86024,77434,65426,53296,42104,34058,28238,24309,21153,19208,17676,16433,14867,13612,12883,11995,11491,10828,10554,9510,7960,6639,5361,4369,3843,3513,3281,2963,2443,1750,1108,714,411,249,152,139,101,98,46,58,43,35,27,20,12,5,6,8,9,11,3,2,4,1,2,0,4,2,2,1,0,1,3,0,2,0,0,0,0,0,0,0,0,0,0,0,0,0,0,0,0,0,0,0,0,0,0,0,0,0,0,0,0,0,0,0,0,0,0,0,0,0,0,0,0,0,0,0,0,0,0,0,0,0,0,0,0,0,0,0,0,0,0,0,0,0,0,0,0,0,0,0,0,0,0,0,0,0,0,0,0,0,0,0,0,0,0,0,0,0,0,0,0,1,0,5,4,6,6,4,0,5,11,6,13,15,31,37,43,55,83,94,97,97,121,132,127,147,151,169,182,188,228,291,321,304,330,342,345,341,356,366,366,390,452,558,820,1306,2087,3235,5003,8777,15851,27030,41576,59514,78658,98583,118567,138247,157994,179391,196307,208351,214708,218803,226656,234108,242591,257978,282968,316826,358155,392836,415863,426701,425688,410380,386777,366745,349056,333351,314222,288500,259812,230255,208849,193689,185894,182763,183119,182753,178510,168654,156114,142568,129943,120135,114273,110968,106831,102719,97220,91210,86043,82734,83530,84639,85371,81588,75204,65153,54223,43732,34868,28606,24386,21240,18865,16929,15318,14144,12989,12251,11628,11114,10494,9739,9041,7986,6364,5285,4345,3549,3088,2958,2895,2839,2723,2355,1750,1159,692,358,206,99,69,32,24,17,6,9,13,8,4,4,3,2,2,3,2,4,3,0,1,2,2,1,0,1,0,0,0,0,0,0,0,0,0,0,0,0,0,0,0,0,0,0,0,0,0,0,0,0,0,0,0,0,0,0,0,0,0,0,0,0,0,0,0,0,0,0,0,0,0,0,0,0,0,0,0,0,0,0,0,0,0,0,0,0,0,0,0,0,0,0,sujo
0,0,0,0,0,0,0,0,0,0,0,0,0,0,0,0,0,0,0,0,34,574,3962,11104,18949,21075,21813,22005,24419,30594,34923,34482,36135,38194,39173,43562,52244,74782,109342,134806,139860,133112,128653,128465,126396,120714,119237,118753,113744,101581,85944,74934,72445,77847,89682,106459,126823,146006,172113,200194,208450,193133,174906,163524,154224,147322,139104,129366,119498,111794,105741,99890,92743,86005,80824,77877,77392,79430,84718,91124,94364,94052,89063,81303,72059,66278,63858,65740,70693,74646,75940,79207,86081,95778,107136,119520,128512,135607,145524,160973,181218,206226,233914,259070,275253,283943,287976,289795,285994,268956,241663,212226,186052,166884,152495,141794,135743,130189,126409,121749,116555,112567,110637,108763,107294,106194,101658,91245,75866,61036,48334,37519,29250,23016,18009,14942,12536,10677,9305,8440,7803,7497,7062,6909,6630,6398,5849,5541,5060,4500,4036,3441,3014,2622,2355,2127,1893,1596,1394,1242,1208,1099,1090,1079,1111,1045,1115,1147,1178,1293,1335,1489,1585,1701,1823,2133,2276,2711,2731,2707,2432,2137,1714,1284,916,725,490,302,180,116,74,34,22,12,5,2,0,1,0,0,1,0,1,1,0,1,0,0,0,0,0,0,0,0,0,0,0,0,0,0,0,0,0,0,0,0,0,0,0,0,0,0,0,0,0,0,0,0,0,0,0,0,0,0,0,0,0,0,0,0,0,0,0,0,0,0,0,0,0,0,0,0,0,0,0,0,0,0,0,0,0,0,0,0,0,0,0,0,18,321,2037,6575,12539,18002,18262,18522,17000,16842,17683,21167,22048,19289,20199,22528,23910,26828,29154,31707,35615,43433,60444,87161,125993,160547,166551,152883,137565,124125,114818,109013,108172,109534,108738,106505,104656,114647,128565,132940,131300,127523,131857,141273,151682,154138,150710,141203,131188,125345,121831,117085,111839,109288,107072,104835,103757,104276,106163,108218,112056,115098,112987,105372,95687,84385,74736,66385,60214,56097,55013,54426,56479,59781,63469,65762,68321,69045,70245,73211,79746,90809,103462,115489,125835,133210,137007,138660,142078,149888,163109,180846,197422,212446,220721,225450,227226,229597,230116,225398,216384,202237,188189,173118,159268,145862,133281,121554,109172,97394,87178,79075,70843,63351,57031,52933,50995,48391,47414,46113,45173,43950,42766,41080,40352,39421,37318,35254,33142,30960,29773,28502,27346,26861,26250,25311,24703,23661,22414,21641,20378,19547,18192,16579,15823,15081,14500,14453,14456,13987,13443,12835,12173,11278,10279,8792,7433,5933,4696,3835,3188,2904,2954,2803,2771,2440,2183,1767,1323,950,737,536,366,225,131,73,40,27,8,7,3,1,1,1,0,1,0,0,1,0,0,1,0,1,0,0,0,0,0,0,0,0,0,0,0,0,0,0,0,0,0,0,0,0,0,0,0,0,0,0,0,0,0,0,0,0,0,0,0,0,0,0,0,0,0,0,0,0,0,0,0,0,0,0,0,0,0,0,0,0,0,0,0,0,0,0,0,0,0,0,0,0,0,0,47,676,4137,9335,10913,11178,14117,13977,12861,11282,12202,12978,14021,17152,23286,27719,27198,25355,25013,28278,34820,46821,68154,96867,120333,129108,130748,134927,135023,124566,110944,106551,112514,123434,124398,118201,113366,119417,133266,143408,142920,141194,135287,123669,112773,105479,106794,108775,114306,124995,133630,128567,112227,99210,94071,94600,99836,110051,124425,136169,140406,133213,122188,108340,96354,85307,74776,65502,59539,53920,49711,46164,44810,43812,43273,43851,44420,45360,47447,50364,54230,58309,63572,69671,73621,74524,72721,70415,69546,73921,84124,101319,123953,147792,166368,176101,174564,167022,155194,144652,140950,143733,151366,158809,161212,155940,142989,127127,108598,91468,75838,63612,54792,48942,45334,43046,41172,39958,39615,38923,38731,38848,39457,40645,41215,41625,40298,39882,38901,38429,39341,42904,47964,52524,56131,56915,56139,53396,50510,47487,45028,43755,43724,45820,47546,47855,48002,48466,50007,51422,52438,52543,52163,50486,48677,46197,43647,42074,39527,37736,35772,34693,33169,31665,30172,28099,25946,23293,20719,18321,16622,15014,13863,13019,12516,12400,12410,12706,12872,13338,13587,13534,13744,13857,14111,14075,14215,13954,13596,12958,12764,12752,12802,12792,12630,12303,12386,12516,12879,13325,13908,14463,15551,16050,16255,16193,16056,15515,14290,12862,11225,8856,6409,4391,2764,1589,821,434,205,75,50,15,6,4,0,0,sujo
0,0,0,0,0,0,0,0,0,0,0,0,0,0,0,0,0,0,0,0,0,0,0,0,0,0,0,0,0,0,0,0,0,0,0,0,0,0,0,0,0,0,0,0,0,0,0,0,0,0,0,0,0,0,0,0,0,0,0,0,0,0,1,1,0,0,2,3,6,11,29,28,45,53,57,59,82,64,79,82,83,93,88,91,83,89,166,308,821,1984,4743,10539,23191,46709,84051,133927,190285,246661,296639,336876,372643,409711,459190,518078,583729,646371,695754,723075,723419,698274,645140,572578,494778,416298,346188,285689,237050,200939,175086,157867,145687,135379,125632,114074,100651,87332,74509,62704,51641,41170,32328,25618,20443,16327,13398,11620,10306,9634,9248,9143,8825,8336,7821,7762,8194,8309,8256,7854,7266,6446,5661,5097,4513,4133,4122,4035,4032,3840,3711,3612,3443,3395,3471,3687,3691,3508,3534,3022,2438,2047,1595,1162,858,671,583,515,504,482,450,383,380,312,254,207,164,134,120,76,70,69,41,36,40,26,23,11,18,10,5,5,2,1,2,0,0,0,0,0,0,0,0,0,0,0,0,0,0,0,0,0,0,0,0,0,0,0,0,0,0,0,0,0,0,0,0,0,0,0,0,0,0,0,0,0,0,0,0,0,0,0,0,0,0,0,0,0,0,0,0,0,0,0,0,0,0,0,0,0,0,0,0,0,0,0,0,0,0,0,0,0,0,0,0,0,0,0,0,0,0,0,0,0,0,0,0,0,0,0,0,0,0,0,0,0,0,0,0,0,0,0,0,0,0,0,0,0,0,0,1,0,0,0,1,1,1,2,13,16,44,41,48,57,61,42,75,70,65,78,77,82,85,99,84,137,300,698,1693,3750,7513,15100,29169,54574,92803,140100,188535,232064,265165,287092,295071,296223,299011,317184,360933,430126,506238,575600,633494,677392,701843,699458,663637,598089,522523,446143,374206,310533,255960,211803,181833,161768,148308,137072,124941,110431,95678,80192,66161,51839,41017,32006,24692,18939,15039,12378,11017,10021,9684,8994,8681,8302,8290,8243,8088,7628,6908,6221,5360,4936,4701,4544,4297,4360,4205,4041,3902,3676,3685,3520,3488,3326,3272,3051,2963,2831,2820,2827,2881,3116,3208,3058,3003,2540,2022,1577,1136,701,446,222,142,112,100,66,53,60,44,33,31,16,20,7,15,5,2,5,0,0,0,0,0,0,0,0,0,0,0,0,0,0,0,0,0,0,0,0,0,0,0,0,0,0,0,0,0,0,0,0,0,0,0,0,0,0,0,0,0,0,0,0,0,0,0,0,0,0,0,0,0,0,0,0,0,0,0,0,0,0,0,0,0,0,0,0,0,0,0,0,0,0,0,0,0,0,0,0,0,0,0,0,0,0,0,0,0,0,0,0,0,0,0,0,0,0,0,0,0,0,0,0,0,0,0,0,0,0,0,0,0,0,0,0,0,0,0,0,0,0,0,0,0,0,1,3,13,31,39,42,46,62,53,63,65,68,74,81,76,83,86,68,88,95,92,87,110,154,316,779,1854,4160,8942,20013,41357,77256,124702,177933,224478,259007,278093,286116,289675,297703,322391,365305,418042,474207,525506,571540,609350,626652,613282,569489,502129,429145,354737,286383,225056,177853,143043,123238,114993,116167,120983,126292,130516,132099,131354,130087,127795,125893,123878,123678,121756,118662,115652,109207,99114,86537,71843,58602,45965,36102,27939,21243,15529,11907,9422,7706,6754,6163,5713,5417,4985,4791,4470,4335,4087,4149,4086,3986,3770,3648,3439,3371,3175,3150,3026,3324,3254,3247,3088,2900,2317,1938,1451,1075,761,487,321,262,184,144,96,81,81,43,52,40,31,17,17,22,9,4,4,2,0,0,0,0,0,0,0,0,0,0,0,0,0,0,0,0,0,0,0,0,0,0,0,0,0,0,0,0,0,0,0,0,0,0,0,0,0,0,0,0,0,0,0,0,0,0,0,0,0,0,0,0,0,0,sujo
0,0,0,0,0,0,0,0,0,0,0,0,0,0,0,0,0,0,0,0,0,0,0,0,0,0,0,0,0,0,0,0,0,1,26,69,110,167,169,192,269,317,374,437,825,2475,9368,30381,79635,158573,237106,280895,295594,306614,323841,337717,329918,302083,264873,226491,191483,164694,143956,128009,114277,107319,113605,137327,182948,246362,312340,360849,385657,388075,376038,365487,364110,370658,381121,383295,367167,329734,284961,241423,204566,174727,149969,128953,109395,91562,76953,66135,59847,56306,53947,52901,52956,53958,56210,60054,64469,70198,76185,83066,91078,96697,102176,104820,106273,105346,102766,99076,92970,86087,78569,71279,64649,58566,52513,47474,42023,37003,32827,28523,24584,20676,16997,13017,9420,6497,4443,2944,1943,1323,917,652,476,381,368,278,258,262,230,201,225,189,123,110,79,53,33,9,13,7,0,2,2,1,0,0,0,0,0,0,0,0,0,0,0,0,0,0,0,0,0,0,0,0,0,0,0,0,0,0,0,0,0,0,0,0,0,0,0,0,0,0,0,0,0,0,0,0,0,0,0,0,0,0,0,0,0,0,0,0,0,0,0,0,0,0,0,0,0,0,0,0,0,0,0,0,0,0,0,0,0,0,0,0,0,0,0,0,0,0,0,0,0,0,0,0,0,0,0,0,0,0,0,0,0,0,0,0,0,0,0,0,0,0,0,0,0,0,0,0,0,0,0,0,0,0,0,0,0,0,0,0,0,0,0,0,0,0,2,35,72,132,152,170,188,245,301,273,288,329,370,362,367,435,890,2505,6405,12239,18169,26596,47871,95796,171605,246130,275061,250736,217506,209638,234907,270872,289302,282797,259614,234305,211582,190275,171593,158087,152055,157694,175257,203941,237504,272067,302456,323263,335371,343758,351100,358406,369582,380902,383538,371577,339959,289735,230278,173042,129349,98895,81251,69947,63248,58887,55381,54125,54211,56010,57532,59234,61687,62085,61546,58243,53444,46852,41232,35263,31520,28677,26668,25712,24353,23765,23721,24068,24227,24594,24867,25244,25800,25470,24753,24205,23527,23063,23013,22644,22852,22834,22177,21957,21152,20621,20317,20071,20297,20887,22320,25114,28535,32608,38150,43739,49733,55849,61202,65413,68653,69737,69768,68066,64830,61048,55844,51637,46387,41823,38041,34428,31275,28330,26041,24158,22270,20620,18965,17482,15964,14043,12490,10656,8687,6782,5001,3735,2587,1793,1218,845,598,400,336,266,184,149,95,67,39,10,10,8,2,2,1,1,0,0,0,0,0,0,0,0,0,0,0,0,0,0,0,0,0,0,0,0,0,0,0,0,0,0,0,0,0,0,0,0,0,0,0,0,0,0,0,0,0,0,0,0,0,0,0,0,0,0,0,0,0,0,0,0,0,0,0,0,0,0,0,0,0,0,0,0,0,0,0,0,0,0,0,0,0,0,0,0,0,0,0,0,0,0,0,0,0,0,0,0,0,0,0,0,0,0,0,0,0,1,12,31,83,120,166,206,230,293,304,313,344,489,1317,3904,8941,14956,20371,26739,39020,59967,89494,116689,132092,141829,145952,149972,156572,152575,146930,144744,151552,165973,190288,224972,255851,267321,258153,241588,232399,236894,252594,271738,285019,288414,286928,285287,284088,288211,300485,313352,324505,334042,343122,347347,344638,328628,295606,247422,197598,151917,116658,90413,72259,59469,51407,45989,43734,42334,41444,39885,39008,38779,38685,39257,39933,40666,41443,42280,43508,46341,49664,53407,55617,54028,49886,44539,38856,33201,29595,26269,24370,23637,22521,22384,22023,22399,22637,22552,22791,22553,22009,20986,19889,18898,18172,17985,17645,17380,17231,16295,15520,14529,13637,12843,12302,11498,11134,10838,10496,10195,10157,9931,9620,9527,9623,10213,11081,12233,14008,15718,17617,20940,23979,28005,32604,38055,43411,48308,53448,58431,62031,64064,64623,63128,61266,58125,54529,50191,45888,42190,39266,36265,33528,31415,29311,27620,26281,24691,22892,21431,19679,17923,15764,13641,10925,8519,6538,4696,3238,2184,1517,943,591,356,236,149,74,50,21,15,4,2,0,0,0,0,0,0,0,0,0,0,0,0,0,0,0,0,0,0,0,0,0,0,0,0,sujo
0,2095,232,75,52,34,20,25,32,28,37,35,36,54,49,48,64,68,72,81,71,88,99,122,121,154,178,185,271,320,448,778,1675,3636,6206,8959,11979,16342,22753,29495,34263,36883,37534,36766,36829,36039,33567,31487,29740,29721,30726,32421,33811,35444,36637,37445,38099,37261,36020,34005,32442,31942,32279,31986,32358,32297,33186,35002,37875,42423,47534,53090,57691,61022,63989,66747,69775,71693,73811,76698,82465,90145,98560,108874,119124,131134,147764,169711,195230,221074,238334,251540,260343,267423,275295,282774,287201,287050,282249,273681,267243,264529,262773,259609,252084,243511,236427,228620,219446,211016,199102,186773,173002,160328,147959,136833,126027,117819,111082,104321,98269,93407,90160,87364,85319,83257,80736,77401,74006,71427,67744,63590,59791,56874,53790,51520,48872,47399,45157,42233,40557,39067,38019,37223,36243,35822,35033,34980,34998,34739,34378,34160,32902,32477,30496,27755,25262,22706,20729,19272,17592,15981,15125,13673,12542,11350,10876,10116,9604,9512,9044,8295,7494,6709,5914,5072,4318,3672,3250,2858,2618,2513,2613,2545,2450,2090,2030,1715,1397,1155,883,741,569,477,411,429,395,406,399,330,271,267,190,158,113,91,86,89,77,59,49,39,35,26,20,24,19,13,10,11,14,3,6,2,1,0,0,0,0,0,0,0,0,0,0,0,0,0,0,0,0,0,0,0,0,0,0,0,0,0,0,0,0,0,0,0,0,1924,299,94,61,37,31,32,30,25,28,38,30,36,32,36,32,35,37,46,41,54,43,58,49,46,47,50,52,54,51,58,62,73,74,100,104,98,128,144,188,225,254,298,415,625,757,1063,1608,3094,6151,10008,14539,19568,26018,32542,38438,43633,45899,44667,41512,37700,35073,35026,35729,38035,41581,46024,50502,54370,55783,55703,54249,54439,54404,55171,58454,61061,63398,65382,66857,68647,70108,71980,73284,75550,78567,84319,91439,100343,109419,119313,131075,146658,166160,188484,209255,222285,231956,237237,242374,251800,264934,278238,291284,297859,294816,288906,282908,276307,269085,259882,250807,242717,234807,225711,215518,203368,190560,177055,163284,151186,140232,130618,123984,119147,113840,107729,103658,101137,97472,93091,89913,85652,80537,76355,72149,67247,62738,58592,55299,52824,50650,49877,48238,46050,44422,42317,40554,38539,37625,36654,36354,36200,35474,34663,33989,32657,30605,28581,26078,23463,20984,19118,17199,15261,13690,12390,11301,10470,9899,9386,9014,8551,7998,7413,6800,5912,5329,4956,4366,3982,3536,2892,2530,2390,2376,2432,2173,1848,1633,1321,1025,753,478,339,215,139,116,90,68,53,37,28,27,14,17,11,12,13,6,6,1,1,0,0,0,0,0,0,0,0,0,0,0,0,0,0,0,0,0,0,0,0,0,0,0,0,0,0,0,0,0,0,0,0,0,0,0,0,0,0,0,0,0,0,0,1477,159,308,65,136,103,41,66,41,32,45,38,33,32,38,36,35,36,39,31,36,31,51,45,37,49,45,53,44,42,50,41,43,57,55,60,59,64,71,77,76,69,79,79,81,83,91,89,101,105,87,105,105,110,112,87,162,267,324,314,242,278,303,296,284,336,327,340,333,393,490,485,511,572,649,816,1027,1224,1639,2364,3035,3985,5506,7564,9857,11376,13496,15107,16536,16071,15730,16517,17355,18767,20847,23755,28193,33487,40193,46972,53503,60261,68447,78775,91365,108766,127528,145849,166085,185258,203621,221812,238338,258011,273893,285888,294847,299949,303542,306733,309045,309605,306137,300636,291332,281184,271451,261985,252464,244582,237318,230602,224319,216665,208730,199354,187565,175986,163165,152450,143260,134720,126835,120792,114581,108529,101989,97667,92757,88077,84046,79318,75302,71853,69446,66235,64155,61725,59233,57691,56503,55727,55433,56337,57051,57287,57544,57236,56698,55748,54006,52145,49970,46427,42812,39313,35523,32098,28752,26123,23836,21641,19646,17717,15770,13985,12514,11206,10171,9264,8340,7303,6465,5940,5257,4828,4525,4312,4051,3538,3012,2521,2035,1651,1236,1065,837,818,749,656,568,541,466,372,326,268,233,178,152,113,91,63,45,40,29,22,13,8,4,3,1,0,0,0,0,0,0,0,0,0,0,0,0,0,0,0,0,0,0,0,0,0,0,0,0,sujo
0,0,0,0,0,0,0,0,0,0,0,0,0,0,0,0,0,0,0,0,0,0,0,0,0,0,0,0,0,0,0,0,0,0,0,0,0,0,0,0,0,0,0,0,0,4,28,117,658,3359,13414,39338,85627,143809,194062,221278,223621,210376,189047,166248,149502,149623,163341,187749,215878,243741,267914,299271,351453,419943,480438,509227,507269,490981,480847,492784,531991,594330,653213,678311,657112,592835,504198,409600,322400,245741,186678,140937,106758,81457,62101,47695,36944,29895,24498,20696,18984,17614,17037,16401,14938,13028,10671,8177,6381,4771,3639,2915,2190,1860,1574,1352,1190,1181,1075,1079,995,935,803,667,455,347,248,131,76,70,24,21,16,8,4,2,4,0,0,0,0,0,0,0,0,0,0,0,0,0,0,0,0,0,0,0,0,0,0,0,0,0,0,0,0,0,0,0,0,0,0,0,0,0,0,0,0,0,0,0,0,0,0,0,0,0,0,0,0,0,0,0,0,0,0,0,0,0,0,0,0,0,0,0,0,0,0,0,0,0,0,0,0,0,0,0,0,0,0,0,0,0,0,0,0,0,0,0,0,0,0,0,0,0,0,0,0,0,0,0,0,0,0,0,0,0,0,0,0,0,0,0,0,0,0,0,0,0,0,0,0,0,0,0,0,0,0,0,0,0,0,0,0,0,0,0,0,0,0,0,0,0,0,0,0,0,0,0,0,0,0,0,0,0,0,0,0,0,0,0,0,0,0,0,0,2,1,35,184,1041,4036,12414,30094,58913,95743,139098,182120,213646,223025,210599,183944,154937,127332,108219,103459,110093,119793,132247,146923,164151,183525,215912,264874,317576,350440,353509,341525,336717,350919,386085,434920,488880,526575,530368,493806,424876,347626,282829,236124,201450,174324,152858,135964,121282,105922,91440,77298,66854,57560,50673,45348,41057,37213,35123,33224,32021,31713,30944,30301,29159,28202,27345,25898,25043,24124,23000,22300,21210,20354,19782,18728,18138,17238,16370,15399,13950,13106,11985,11236,10734,10550,10127,10317,10467,10771,10916,11233,11132,11283,11289,11846,12298,12881,13722,14807,15647,17141,18277,19360,20315,20915,21294,21631,21997,23298,24247,25643,27826,30141,32972,36385,40695,44476,48918,53831,58191,62335,65238,67700,68910,69225,68547,65176,61234,56234,50512,44167,37065,30012,23117,17464,12528,8788,6285,4339,3057,2067,1344,894,516,255,145,92,42,17,15,7,9,5,3,0,1,6,2,3,0,0,0,0,0,0,0,0,0,0,0,0,0,0,0,0,0,0,0,0,0,0,0,0,0,0,0,0,0,0,0,0,0,0,0,0,0,0,0,0,0,0,0,0,0,0,0,0,0,0,0,0,0,0,0,0,0,0,0,0,0,0,0,0,0,0,0,0,0,0,0,0,0,0,0,0,0,0,0,0,0,0,0,0,0,0,0,0,0,0,0,0,0,0,0,0,0,0,0,0,0,0,0,0,2,1,30,164,877,3234,8700,16767,24705,30539,41622,63533,94179,130698,164626,189887,202095,197487,177822,152195,130339,114320,107445,109468,118667,132207,153408,184086,225108,273002,320343,355323,370964,375503,382893,409475,463154,522649,559177,553488,502140,422214,339395,274824,230056,199022,172960,148946,129224,113003,102899,93362,84636,74762,66113,57891,51392,47085,43145,39350,36188,34012,33162,33796,34523,34913,33986,32877,30959,29782,29153,28981,28658,27934,27342,26424,25332,24461,22925,21414,19957,18118,16427,14750,13199,11628,10516,9338,8814,8202,7746,7514,7403,7249,6915,7020,7247,7487,7806,7857,8149,8297,8330,8342,8154,8306,8549,8845,9222,9842,10182,10727,10597,10945,10604,10782,10716,10443,10701,10808,10795,10816,10786,10929,11477,11847,12371,12933,13583,13775,14204,14158,14592,14993,15486,16193,16936,17868,19188,19786,21039,22018,23606,25475,28447,31880,35939,41088,45864,50580,55321,58830,61487,61978,61004,58443,55918,52682,49592,46631,43848,40366,36678,32080,27135,22108,17062,12759,9193,6632,4654,3180,2213,1473,901,542,322,165,78,56,25,10,6,4,2,2,2,2,1,2,2,1,1,0,0,0,0,0,0,0,0,0,0,sujo
0,15082,1756,434,232,167,135,155,126,153,142,145,170,169,174,156,184,170,178,208,199,208,239,332,376,410,442,426,426,449,488,587,813,1099,1670,2546,4145,6893,10019,14249,20107,25750,29860,32593,34951,36076,37589,38841,40113,42619,46025,49174,51366,52874,54541,56727,58524,58383,56569,54038,51805,50390,49673,48071,47484,48069,48698,48610,48842,48113,46417,44673,44071,43355,43034,43706,44349,45059,44132,43731,43102,42854,42243,41070,40656,40091,40184,40679,41657,43552,46041,48600,52921,59151,67152,75011,82180,88189,92981,97684,104947,114285,128212,147222,169537,190749,206281,215252,219526,215850,206865,194529,182388,172448,165198,160973,161784,163909,167710,172307,177138,182172,189070,201223,218732,238621,259113,275253,288019,293706,292401,285482,269497,246734,222267,198000,176692,158040,143077,129703,118193,106830,96296,88029,78866,69824,61740,54294,47703,42440,37815,33809,30295,27376,24581,21722,19683,18244,17220,16038,14973,13168,11535,9659,7852,6163,4818,3546,2488,1718,1272,964,717,564,471,381,291,272,220,160,175,171,149,136,123,120,108,85,74,69,62,42,45,48,34,40,42,47,49,27,39,31,30,23,23,20,18,12,13,8,12,1,10,7,7,1,2,2,0,1,0,0,0,0,0,0,0,0,0,0,0,0,0,0,0,0,0,0,0,0,0,0,0,0,0,0,0,0,0,0,0,0,0,0,0,0,0,13184,2677,702,366,226,162,141,138,130,122,152,162,139,150,160,155,148,150,171,136,194,191,186,196,202,208,198,213,213,221,226,228,275,271,275,265,275,319,361,352,453,592,711,1014,1784,3405,6557,12064,19403,27848,34024,37755,39147,39462,37606,36711,35921,35063,35607,35813,37874,42331,48519,55221,61395,64713,65694,65279,62468,59940,56923,54721,52928,52248,52665,52486,51820,49731,48083,46731,46219,46252,47149,47795,47720,47485,47072,47243,47752,48219,50713,53892,59676,66908,74576,81564,85967,89161,91640,97150,106348,121772,141285,164811,186474,200775,208351,211493,206288,196357,183360,171016,161082,153381,147979,144993,144122,144957,148295,156345,167012,181678,200932,221710,239137,251389,262314,270399,279270,281228,278314,269041,256250,243738,229723,215479,197516,178218,159778,144887,134402,126370,119407,111342,103349,93846,84246,75901,66861,59129,52753,46709,41294,36540,32619,28757,25303,22447,20436,18640,17058,15431,13763,11883,9560,7642,6156,4774,3697,2723,2023,1361,997,676,522,370,304,241,188,176,151,153,125,128,106,88,84,76,72,74,46,35,33,33,21,16,14,26,14,22,18,20,18,20,18,16,13,13,8,12,1,10,7,7,1,2,2,0,1,0,0,0,0,0,0,0,0,0,0,0,0,0,0,0,0,0,0,0,0,0,0,0,0,0,0,0,0,0,0,0,0,0,0,0,0,0,13962,1517,766,301,241,179,182,167,155,154,155,161,167,184,155,139,144,155,169,164,170,159,181,171,180,172,211,196,227,185,189,238,243,213,242,233,232,261,278,250,283,300,276,290,327,303,309,316,339,340,351,404,499,547,777,1326,2576,4698,8413,13029,17866,23046,27004,30133,32374,32906,32434,32518,32783,32227,32051,32145,32641,34025,36320,38061,39928,40925,41337,40947,40551,39377,38553,39393,39993,41771,42509,43619,45677,49923,57335,66691,78263,88323,96117,101705,104886,105831,107601,111680,117981,130543,146610,164804,180016,190867,195480,196378,189349,179497,168000,155929,145998,138179,132121,127156,123218,120890,120220,121812,126755,135162,150043,170165,194173,217355,235422,248884,258667,263379,264769,261569,253104,241692,227231,212333,200216,191298,182885,174191,165376,156232,147790,141537,136503,134052,132319,130867,127396,123660,118647,113623,107602,101579,93602,86136,76947,68353,61307,54659,49669,45218,41432,37801,35304,31849,28582,25186,21894,18404,15285,12634,9957,7560,5260,3646,2513,1734,1359,1114,950,940,814,822,766,742,687,640,577,506,453,395,338,314,243,202,149,146,116,107,77,72,77,68,57,49,27,33,19,22,4,12,8,9,2,4,2,1,1,0,0,0,0,0,0,0,0,0,0,0,0,0,0,0,0,0,0,0,0,0,0,0,0,0,0,0,0,0,0,0,0,0,0,0,0,sujo
0,226,17,12,18,19,18,27,31,37,46,61,64,74,113,93,103,125,115,171,157,166,185,174,188,159,139,159,157,133,136,97,110,132,128,109,100,102,84,68,62,86,116,179,245,360,459,577,783,921,1093,1303,1574,2041,2484,2925,3340,3556,3975,4092,4259,4942,5437,5881,5762,5682,5959,6660,7077,7742,9318,12645,19426,31970,52750,83198,119958,151662,164448,153794,132850,112757,96882,85821,79817,75236,72270,69227,67487,69017,75879,89419,113292,158173,232089,336743,441936,518416,553023,552381,533943,506144,479181,447757,422430,402951,386325,368023,347286,324771,307917,295422,285474,278301,274849,278600,288724,296859,287427,260210,217750,172759,135330,106781,83249,64569,50189,38735,29575,22825,18427,15159,13584,12695,11167,9437,8397,7646,7171,6572,5448,4500,3640,3143,2930,3073,3120,3268,3207,3027,2683,2214,1799,1524,1182,946,937,671,544,427,283,226,122,73,35,18,20,12,4,2,1,1,0,0,0,0,0,0,0,0,0,0,0,0,0,0,0,0,0,0,0,0,0,0,0,0,0,0,0,0,0,0,0,0,0,0,0,0,0,0,0,0,0,0,0,0,0,0,0,0,0,0,0,0,0,0,0,0,0,0,0,0,0,0,0,0,0,0,0,0,0,0,0,0,0,0,0,0,0,0,0,0,0,0,0,0,0,0,0,0,0,0,0,5,9,5,2,0,5,3,3,5,4,1,9,1,6,5,5,7,4,13,7,9,9,15,12,11,14,18,16,16,28,24,17,15,37,38,43,58,55,96,159,199,240,245,314,307,403,469,522,562,675,774,859,827,870,1023,1103,1211,1438,1547,1784,2128,2818,3733,4725,5506,6045,6187,5899,6131,6574,7952,11796,19835,33492,53611,80308,111109,139372,154434,152030,138289,119620,100996,87450,79887,74315,69090,63995,60124,58623,60907,66103,74841,92807,127836,183589,254594,325051,383189,420374,442027,447346,444996,427624,400512,367396,337117,314427,300186,298094,303162,311297,317296,325523,335417,347096,359130,368495,373920,371754,351135,311791,256989,202110,157762,126063,103459,85860,72325,60787,50292,41382,33793,27423,23850,21328,20569,20665,19913,18244,16230,13448,10586,8270,6399,4958,3668,3001,2524,2459,2464,2669,2778,2867,3100,3209,3414,3132,2987,2544,2059,1650,1131,930,701,572,439,318,237,147,95,52,37,18,12,9,3,1,1,0,0,0,0,0,0,0,0,0,0,0,0,0,0,0,0,0,0,0,0,0,0,0,0,0,0,0,0,0,0,0,0,0,0,0,0,0,0,0,0,0,0,0,0,0,0,0,0,0,0,0,0,0,0,0,0,0,0,0,0,0,0,0,0,0,0,0,0,0,0,0,0,0,0,0,0,0,0,0,0,0,0,0,0,0,0,0,0,0,0,0,0,0,0,0,0,0,0,0,0,0,3,10,6,1,3,4,5,7,5,6,4,4,5,11,3,10,8,14,15,20,19,14,15,14,23,29,31,60,48,43,52,60,62,92,106,123,190,261,277,314,324,321,398,457,459,441,520,424,503,479,502,485,478,529,542,523,675,1044,2274,5341,11240,20507,33064,47275,61347,73470,80541,86135,91958,101341,109379,115448,115256,107643,93099,80450,72469,70137,75887,94133,123435,160868,205249,250414,284427,304691,316921,323072,324705,321904,317021,314208,314257,315773,317605,318648,314074,310228,302797,302149,308740,326178,349345,373702,394429,397655,373099,328946,280222,237970,209311,189332,171221,152545,136175,119988,106776,97738,91700,85118,78180,70489,63980,58734,55541,52660,50695,49455,48013,46280,43548,39375,35346,29887,24686,20125,17100,14901,13594,12600,11698,11125,10849,10831,10627,10010,9399,8708,7577,6495,5656,4679,3685,2792,2130,1549,1325,948,719,494,306,165,60,38,19,10,4,2,0,0,0,0,0,0,0,0,0,0,0,0,0,0,0,0,0,0,0,0,0,0,0,0,0,0,0,0,0,0,0,0,0,0,0,0,0,0,0,0,0,0,0,0,0,0,0,0,0,0,0,0,0,0,0,0,0,sujo
0,0,0,0,0,0,0,0,0,0,0,0,0,0,0,0,0,0,0,0,0,0,0,0,0,0,0,0,0,0,0,0,0,0,0,0,0,0,0,0,0,0,0,0,1,2,16,103,497,2025,6063,12816,21248,28998,34615,37118,38573,41892,47107,54552,66991,87037,114360,145351,174159,185511,171942,138198,100065,66408,44641,34552,30460,29667,30409,31573,33682,37311,42875,51244,58588,64439,65638,64673,62566,60986,60270,59389,59471,58973,59515,60759,63738,68963,76419,87488,106936,133044,161421,186803,207596,228217,257608,304206,364377,421945,463601,492145,509848,515819,508896,499228,486031,467835,436971,390842,336369,279376,228413,182826,141906,109427,85044,66863,53849,44331,37915,32475,27973,23916,20634,17015,14274,11399,9462,8293,7137,6699,6629,6351,6065,5978,5699,5610,5500,5448,5207,4717,4447,4144,3965,3957,3755,3609,3664,3409,3256,3051,2839,2798,2726,2456,2385,2183,2112,1880,1754,1649,1456,1328,1173,1127,1042,947,875,824,810,738,713,700,694,683,685,642,676,625,596,489,399,345,305,248,197,170,140,147,119,97,103,103,82,80,91,76,62,52,53,48,41,27,18,8,3,11,2,3,1,0,0,1,0,0,0,0,0,0,0,0,0,0,0,0,0,0,0,0,0,0,0,0,0,0,0,0,0,0,0,0,0,0,0,0,0,0,0,0,0,0,0,0,0,0,0,0,0,0,0,0,0,0,0,0,0,0,0,0,0,0,0,0,0,0,0,0,0,0,0,0,0,0,0,0,0,0,0,0,0,0,0,0,1,2,16,103,497,2021,6051,12778,21100,28624,33741,35694,36457,38508,42872,51047,65747,87732,116151,147537,176491,187267,173157,139196,100633,66965,44655,34529,30346,29288,29567,30181,30695,30995,31593,34427,39153,46211,53045,59016,61645,62196,61478,60510,58167,56576,55381,54538,54992,57838,62536,67692,70532,72056,72830,77800,88655,105503,126016,148344,172154,195933,220056,257228,308012,363930,408575,440310,461718,472745,482490,486359,486362,479784,467003,434249,385851,327648,269304,218945,175717,139968,111124,89628,73248,62034,52582,46010,39645,34667,29712,24871,20494,16670,13166,10921,9394,8391,7791,7235,6605,6263,6113,6089,5956,5632,5284,5059,4985,4794,4394,4302,3844,3587,3203,3001,2971,2830,2697,2601,2454,2196,2089,1936,1727,1431,1305,1176,1060,1027,920,889,806,764,745,698,737,654,643,609,632,563,516,443,357,279,260,200,186,165,134,141,113,98,87,83,71,53,58,46,41,30,20,15,13,8,6,5,1,1,1,0,0,0,0,0,0,0,0,0,0,0,0,0,0,0,0,0,0,0,0,0,0,0,0,0,0,0,0,0,0,0,0,0,0,0,0,0,0,0,0,0,0,0,0,0,0,0,0,0,0,0,0,0,0,0,0,0,0,0,0,0,0,0,0,0,0,0,0,0,0,0,0,0,0,0,0,0,0,0,0,0,0,0,1,2,15,103,505,2061,6223,13310,22442,31219,38034,42502,45985,49351,51406,54503,63562,81601,107231,136449,163509,174765,163805,133947,98998,66878,45647,34861,29150,26923,26118,26032,25834,25907,26632,28389,31115,35302,39933,44087,47500,48586,48266,47058,46495,44812,43814,43290,42517,42193,42862,45661,49461,52734,54229,55666,56077,57848,60253,63526,69033,75556,83103,91927,100911,106494,110281,113074,117111,123867,135188,156403,187621,223309,257715,286973,311845,327166,339589,348529,350616,343850,331387,317428,304448,288420,272324,258204,243597,232023,225410,222403,219544,214253,205192,193591,176750,154840,132668,108995,90050,74792,61870,50842,41494,33711,28584,24127,21596,19882,18676,17045,15224,13236,11378,9670,8427,7703,7176,6918,6924,6708,6482,6035,5434,4843,4316,4015,3678,3397,3261,3040,2757,2616,2359,2232,2089,1915,1742,1588,1408,1288,1204,1059,977,842,702,649,577,557,463,484,363,335,312,245,243,209,182,148,138,92,93,102,115,88,87,86,78,62,51,29,20,16,15,12,4,2,3,2,0,2,0,1,0,0,0,0,0,0,0,0,0,0,0,0,0,0,0,0,0,0,0,0,0,0,0,0,0,0,0,0,0,0,sujo
0,0,0,0,0,0,0,0,0,0,0,0,0,0,0,1,6,164,959,4547,14472,28400,32847,30255,27134,26983,28711,29708,30267,32555,35765,40660,46970,55496,70959,95004,122176,134388,131912,128078,130731,141344,151658,152277,147484,139560,126629,108672,93439,80213,69674,61841,55846,55326,62599,72417,88889,114950,149811,182276,201128,194917,175354,158783,146805,136444,126769,117217,110052,104317,99761,96983,93545,91190,90570,89981,91646,92757,90729,86131,79200,71854,67097,63875,63912,64202,64563,64254,62967,60935,60256,58833,59668,63420,70604,83146,103864,132718,166026,199746,229867,255275,272720,286073,292479,288609,279854,263940,247098,227891,207687,189799,173168,159951,148982,142997,137275,134051,132750,132795,132208,130433,125176,117842,107205,94789,80702,68200,55984,45489,37119,29514,23977,19621,16248,13991,12207,10705,9368,8447,7843,7203,6734,6524,6347,6495,6374,6543,6622,6726,6611,7064,7506,8111,8737,9691,10897,11986,13375,13482,13699,13409,12326,10764,8989,7434,5408,3836,2516,1478,835,431,221,129,55,28,12,1,0,0,0,0,0,0,0,0,0,0,0,0,0,0,0,0,0,0,0,0,0,0,0,0,0,0,0,0,0,0,0,0,0,0,0,0,0,0,0,0,0,0,0,0,0,0,0,0,0,0,0,0,0,0,0,0,0,0,0,0,0,0,0,0,0,0,0,0,0,0,0,0,0,0,0,0,0,0,0,0,0,0,0,0,0,0,0,0,0,0,0,0,0,0,0,0,7,99,1223,6150,15886,21285,23042,24299,23976,20841,20016,20815,20365,20138,21050,21776,22483,24519,27027,29182,31869,34601,38512,44442,53813,68520,91642,128093,171430,190968,182296,167649,162337,151363,132649,116293,106968,104522,105137,106491,105890,101627,92360,87302,95142,114884,138339,155117,157036,148027,136467,130515,129108,130972,130354,126136,118420,111717,107879,107000,107104,106257,102446,95304,86736,79541,74751,71085,69321,66859,64727,64076,62868,60756,58642,55743,52930,52585,54318,58522,62886,67401,71852,74195,77708,82128,90979,102803,120910,143935,165389,181859,192240,196622,195682,193233,189688,183491,178005,169569,162016,154931,148159,141286,133240,125022,114847,102336,86916,71723,59155,49698,43222,38895,36616,34653,33654,33195,32863,32568,31979,31583,31676,32001,32891,33968,34703,35784,37334,38693,40173,42271,43391,45112,46785,49064,51521,54440,57572,60443,62567,66616,70045,74851,78546,82675,85354,86338,83771,78192,71492,64076,57545,52684,48324,44184,40932,36895,32719,28133,23381,18768,15226,11756,8868,6557,4884,3625,2526,2011,1549,1219,940,715,509,370,265,177,154,57,50,26,18,6,10,1,2,0,0,0,0,0,0,0,0,0,0,0,0,0,0,0,0,0,0,0,0,0,0,0,0,0,0,0,0,0,0,0,0,0,0,0,0,0,0,0,0,0,0,0,0,0,0,0,0,0,0,0,0,0,0,0,0,0,0,0,0,0,0,0,0,0,0,0,0,0,0,0,0,0,0,7,104,1265,6473,16639,21166,22038,23271,23701,21487,21063,21279,21123,20275,20346,20402,20782,23332,27166,31255,33861,36241,43560,65574,109970,165532,195644,190727,168577,162947,171373,167555,149581,127122,104884,86473,75617,75106,81523,87703,89719,88163,83532,77418,75720,80410,87830,95293,99409,101109,104169,111171,122494,136974,149199,152153,145054,132622,122955,115981,110128,107478,104713,100868,94167,88120,81779,76164,70715,66429,62884,60215,56223,51774,46769,42647,39038,37816,38151,40502,44036,48580,54082,58786,64256,70615,76590,82984,88990,93337,94686,94791,93824,94638,95039,98281,102161,105077,108372,112174,119103,128500,139780,151886,161386,166996,164871,155427,138814,120173,100603,82191,68242,56506,49167,43521,39176,35096,31505,28724,26640,24694,23713,22733,22028,21180,20547,20169,19625,19681,20460,20504,21068,20819,20943,21033,21586,22288,22814,23423,23387,22883,22490,22018,21837,22723,23707,25811,29445,33829,37739,40423,41629,39606,35234,31017,27327,24177,22241,20597,19736,19331,18593,18335,18195,18433,18210,18462,18434,18366,18537,18746,19347,20077,20554,21057,21354,21844,22994,24049,25945,27923,30175,32214,33338,34510,35570,36791,38103,39913,40901,42901,44328,47367,51393,57243,64380,73173,81407,87933,92503,93577,91332,86568,81673,73949,63692,53197,42512,32308,23173,16191,10967,7135,4654,3046,1979,1166,728,412,254,139,76,42,19,5,6,1,0,1,0,0,0,sujo
0,0,0,0,0,0,0,0,0,0,0,0,0,0,0,0,0,0,0,0,0,0,0,0,0,0,0,0,0,0,0,0,0,0,0,0,0,0,1,2,8,16,57,210,501,928,1479,2156,2652,3267,4361,5439,6996,10202,15396,21978,25960,26214,25436,25498,31325,43168,62089,87160,117852,151647,186146,219266,237122,228023,196049,150815,108023,78540,63518,56305,53029,51815,56443,62572,68765,73174,78482,83212,85109,83277,80722,77660,74901,76011,78088,81938,87228,94399,101805,112532,123285,135366,146844,155967,165510,173083,182180,196980,221192,258574,307917,370912,443103,502672,533954,536692,516047,478311,426297,365878,315579,271477,232316,197014,165902,137114,111408,88398,69574,54716,43457,33771,27452,22552,18672,15385,13361,11094,9793,9079,8196,7861,7781,7480,7504,7693,7674,7315,7183,6771,6468,5949,5540,5187,4827,4726,4492,4273,3754,3382,3049,2588,2311,2049,1852,1604,1403,1299,1188,1015,971,861,737,618,572,524,414,385,380,357,347,323,307,367,381,356,334,319,345,259,220,199,174,170,139,119,97,84,93,96,85,87,63,79,60,69,54,62,69,62,52,60,84,85,69,50,34,36,17,10,3,1,2,0,0,0,0,0,0,0,0,0,0,0,0,0,0,0,0,0,0,0,0,0,0,0,0,0,0,0,0,0,0,0,0,0,0,0,0,0,0,0,0,0,0,0,0,0,0,0,0,0,0,0,0,0,0,0,0,0,0,0,0,0,0,0,0,0,0,0,0,0,0,0,0,0,0,0,0,0,0,0,0,1,1,1,1,4,4,19,54,281,1185,4033,9433,16444,20790,20975,19423,18912,23819,35113,54379,80404,111427,145416,178928,212783,234805,234042,209728,169392,127306,93060,72246,59142,52101,46707,43359,41589,43829,51828,65415,77983,86364,88326,85658,81437,77238,74254,73221,73974,76176,80909,87279,92376,96332,98893,102341,106329,114199,124802,134573,143958,153967,161093,166151,172369,182979,198910,218558,243216,271600,312085,368171,423536,458461,472051,464533,437054,394927,349422,303864,267795,237080,210723,183142,154326,125115,100038,78915,63137,49862,39930,31258,24370,18626,14874,12136,10152,9214,8704,8431,8427,8487,8313,8254,7951,7436,7173,6699,6253,5814,5340,5071,4390,3896,3410,2929,2626,2249,2040,1706,1481,1328,1125,1014,940,763,715,626,574,511,475,456,412,394,453,413,370,373,330,291,245,200,181,144,161,129,114,102,110,91,98,82,78,68,50,51,54,63,63,59,63,68,51,68,89,73,45,50,25,28,6,4,1,0,2,0,0,0,0,0,0,0,0,0,0,0,0,0,0,0,0,0,0,0,0,0,0,0,0,0,0,0,0,0,0,0,0,0,0,0,0,0,0,0,0,0,0,0,0,0,0,0,0,0,0,0,0,0,0,0,0,0,0,0,0,0,0,0,0,0,0,0,0,0,0,0,0,0,0,0,0,0,0,0,0,0,0,1,1,1,5,7,27,122,630,2653,7697,14668,21253,25096,27055,32217,42471,59108,80738,111651,149090,186180,216544,226346,210017,173633,130697,92678,66656,54462,49510,47437,44960,42482,39383,36872,35069,36464,39336,44435,51319,58845,63925,68118,70301,69389,66859,64579,63997,67584,74807,84038,92137,94965,92222,89024,87513,88237,91004,93466,94797,95205,95125,94104,94421,96786,101153,104406,108441,114904,122990,130590,137256,143987,147750,151845,154063,159069,169565,185745,207553,235124,263329,286450,300574,306197,309355,307498,303409,297131,287509,274410,258712,241559,224531,208121,187874,166525,143963,121914,101502,85362,71589,59137,48993,40481,33192,27985,23492,20148,17691,15275,13131,11594,9623,8426,7596,6763,6239,5685,5361,5041,4645,4179,3966,3548,3384,3167,3017,3001,2943,2838,2698,2322,2091,1760,1514,1408,1201,1141,1043,1095,1021,965,913,801,736,675,625,555,573,516,482,447,299,278,195,171,133,144,119,109,116,91,75,79,90,80,81,94,96,81,59,40,34,16,10,5,5,2,0,0,1,0,0,0,0,0,0,0,0,0,0,0,0,0,0,0,0,0,0,0,0,0,0,0,0,0,0,0,0,0,0,sujo
0,1264,43,38,48,52,40,51,36,53,49,47,50,49,44,44,55,56,50,67,149,350,723,1141,1524,1512,1597,2027,2551,2842,3212,3343,3526,4379,5598,6541,7768,10033,11979,13751,14270,14016,13267,12035,9790,9404,11225,13396,12307,10664,9153,8604,8111,7422,6687,6411,6156,5628,5348,5115,4781,4319,4033,3973,3648,3914,4916,7680,14940,32402,68168,121457,175139,217587,246971,263730,271408,284643,305446,316903,312109,299501,285701,275393,267960,265286,263481,257704,248774,243092,240661,239484,233447,229307,226351,227649,227518,225535,222825,218794,211545,203972,196120,191691,189717,185702,174402,160670,145218,134521,125899,119508,110906,103909,97573,92451,85950,79249,72247,67474,66082,66166,66628,68551,68533,69295,68080,67667,67463,67441,68277,69061,70296,71034,71824,71783,71136,70374,68974,68050,67570,67466,66667,65345,63860,62542,61498,58739,56632,54645,51658,49008,47057,45087,42857,40569,38059,34543,31880,28706,25835,22668,20647,18431,15893,13587,11705,9469,7594,5696,4359,3394,2674,2117,1600,1339,1250,1077,1091,1029,907,802,680,516,456,326,267,193,154,123,122,108,104,95,114,101,86,91,71,83,61,60,35,21,11,3,1,2,1,1,0,0,0,1,0,1,0,0,0,0,0,0,0,0,0,0,0,0,0,0,0,0,0,0,0,0,0,0,0,0,0,0,0,0,0,0,0,0,0,0,0,0,0,0,0,0,2,248,238,157,232,95,90,44,30,23,27,38,22,33,36,31,32,29,33,49,41,41,42,45,52,47,44,56,65,134,206,274,421,658,1026,1429,1571,1780,2180,2846,3913,5227,6304,7445,9438,12158,14526,14964,14906,12923,11257,10256,10686,11815,10277,8241,7193,7041,7252,7365,6993,6668,6880,6805,5723,4955,4453,3940,3821,3877,3884,3687,3681,3424,3515,3343,3328,3187,3137,3244,3611,5801,12385,30395,64625,112865,166376,217262,255109,275655,275993,263562,257948,267719,284694,302245,314564,312634,299041,281084,263332,249249,242697,244609,251026,251511,242158,226945,213125,201666,196021,193764,194673,192062,189376,187686,186835,183548,176329,166619,161581,158943,158722,157549,152315,141104,129582,118471,108953,99315,89996,79923,72361,67392,64757,64206,63245,61591,59015,56447,53390,49868,46384,43605,41273,39661,37576,35994,34800,33756,33672,33106,32612,32418,32998,33649,33977,33884,33410,32243,31470,30983,30208,29949,30518,31044,32547,33089,34349,35042,34607,33749,32445,32206,31576,31652,30969,30647,30812,31302,31490,31413,31638,31905,32037,32319,32407,33086,32840,32602,32037,31853,31248,31331,30787,30068,28920,28368,27041,25723,24439,23055,21509,20520,19729,18708,18005,17167,16488,15873,15274,14982,14670,14124,13414,12639,11684,10659,9647,8487,7182,6116,5169,4122,3109,2409,1726,1299,852,502,296,146,66,28,25,26,9,12,4,11,5,2,5,0,2,1,2,0,0,1,1,0,0,0,0,0,42149,0,0,0,0,68,232,78,101,44,58,35,45,26,22,15,13,18,18,20,48,24,99,45,83,41,51,35,49,45,36,31,32,30,35,22,34,33,31,43,45,40,41,46,55,54,56,59,62,57,62,81,57,57,54,50,47,59,67,96,113,157,261,413,569,946,1541,2303,2849,3703,4622,5955,7103,9256,11253,13355,14552,15195,14176,14330,12873,11273,9793,8767,7654,6761,5852,5711,5726,5634,5839,5706,5855,7160,11760,23067,41772,65894,91680,106168,115563,128617,142724,156201,169265,188451,214238,236189,246207,253464,264792,277650,280451,267763,248639,230288,218804,215996,218270,219695,220832,221325,220604,213707,201563,194028,195852,203552,208060,209436,204478,198886,196067,195734,194001,190262,187041,183310,179873,173832,167667,157832,146998,133514,121240,110051,100454,92171,83016,75889,67697,61375,54893,50726,47282,45261,42286,39284,36854,35080,34541,34122,34409,33860,33161,33081,33035,33374,33866,34760,35355,36012,35861,34513,33448,32385,29905,28750,27166,25504,24093,22607,20979,19747,18760,17425,17256,16490,16106,16155,15964,16303,16635,16846,17548,18812,19593,20266,20495,19970,19472,18482,17935,16939,16401,16399,16225,16516,16825,17036,17398,17438,17692,17827,18469,18651,18212,17761,17505,17793,17792,18149,18490,18631,18866,18532,19033,19415,19981,20814,21526,22292,23736,24857,26342,28255,30262,32658,35911,39221,41946,44300,45666,46500,46007,44339,42281,40224,37431,34427,30991,27656,23702,20384,16838,13800,sujo
0,2025,81,56,60,46,63,56,47,64,61,70,72,61,69,80,74,85,80,75,84,89,101,81,92,97,115,118,111,128,137,139,176,192,214,299,368,596,979,1395,2552,4576,6880,8217,8682,9112,11892,17829,20679,20991,21391,25257,30665,36566,40682,41745,43329,47449,47327,43185,39101,35740,34304,33337,33968,35930,36508,35583,33668,31322,30470,29120,28026,26805,27353,27372,27015,26873,26897,27489,28881,34015,44167,58518,77858,96175,112701,124271,130868,135048,133635,130167,130010,136258,145031,152801,160230,164166,169431,177255,180781,182506,181032,178901,177171,177903,179890,180150,183984,186792,193371,202807,211742,220094,225806,231862,235630,236860,240579,241766,242508,244315,245900,242817,238955,231251,220565,209756,201443,193012,183884,176726,169179,162487,158245,158218,159776,160539,159506,153706,146199,135913,126594,119772,112599,100551,87226,76802,69594,63576,57911,51762,46672,41541,36942,32764,29302,26069,23218,20165,17062,14272,11337,8765,6860,5453,4490,3708,3369,3112,3035,2980,2834,2965,3301,3435,3572,3989,3748,3588,3300,3072,2883,2650,2473,2265,1919,1744,1529,1339,1197,1128,998,914,863,733,666,627,581,543,506,492,359,302,208,134,84,67,27,12,10,4,0,0,0,0,0,0,0,0,0,0,0,0,0,0,0,0,0,0,0,0,0,0,0,0,0,0,0,0,0,0,0,0,0,0,0,0,0,0,0,0,0,0,0,0,0,732,610,262,144,80,37,45,42,41,37,45,47,54,60,56,60,66,70,55,52,67,72,73,58,74,84,79,81,82,87,92,86,85,96,120,130,132,143,167,166,176,203,208,346,1042,2232,3435,5171,6326,6998,8378,10205,11459,12836,14770,16399,19137,21484,21235,23113,28182,34687,38140,37427,37133,40377,40520,40160,36674,30822,26380,24179,22756,21826,20938,20383,20946,22494,24876,28853,31780,34229,35560,38775,45678,55347,68950,83109,94047,100893,106451,111571,115439,120820,126838,135630,141701,147323,149971,150737,153185,154266,156290,153797,148772,142309,137073,136271,138596,143340,147269,152649,161562,171077,181965,191899,200069,206122,213725,222624,229867,232355,232083,233252,235601,234002,227645,219621,207118,189900,173303,160826,152411,146807,141494,134657,126852,120549,119877,123525,126917,129638,129121,123797,115130,106068,97905,89115,81014,74680,69383,65764,64395,62916,62093,60439,58295,56928,54939,52670,50468,47661,44817,42994,41970,41579,40900,40168,39650,39536,39352,39015,39655,40240,41275,42489,42747,42618,42709,41548,41233,40291,39684,38795,37502,35652,33956,31429,28223,25021,21753,19473,17688,16310,15130,14228,13455,13177,13032,12822,12266,12328,12039,12264,12158,12821,13522,13876,14011,13598,13009,12958,13344,13660,14689,15541,17333,18340,18411,16779,13019,8370,4229,1560,505,135,32,8,1,1,1,0,3,2,0,1,1,0,0,0,2,1,0,0,1,0,0,0,0,0,0,0,0,0,0,49,1,2,121,11,320,239,78,150,61,141,61,180,145,77,105,53,62,42,51,43,29,42,50,40,47,55,63,53,54,60,66,59,66,52,54,76,82,75,90,76,70,78,90,80,83,92,111,125,122,122,126,141,143,173,167,206,214,234,231,266,238,305,328,341,363,395,436,469,525,588,724,751,825,1002,1255,1536,1667,1806,1779,1745,1807,1964,2022,2220,2433,2800,3489,4660,6292,8075,9802,14015,16961,18827,22510,29608,39095,52026,68161,88820,108532,125755,136672,143183,145134,147184,150511,156757,163819,165901,166070,160677,154124,146933,139223,136141,136685,138468,139337,139830,139590,141940,147921,158989,171664,185843,201755,215754,230631,238966,243546,241803,234995,224485,216238,213006,210103,203017,195529,188890,182383,172243,161031,152028,142866,135565,128646,122534,116047,109565,105589,103827,105715,111656,117166,116386,108270,99378,91516,84130,76143,69656,64597,60542,57110,53225,50528,48517,47498,47023,47168,47683,48013,48782,49408,47938,45466,42517,41169,40973,41056,40840,39857,38943,38561,37667,36904,36273,35717,35351,34999,34264,33959,33274,32647,32397,31987,31585,31372,30515,30197,29564,29769,30563,30611,30293,30139,30063,29913,30043,31139,31943,32064,33156,33729,33750,33587,33132,32015,31446,31008,30515,29995,30121,30283,30862,31107,31561,31779,32513,32655,33048,33124,32768,31243,29653,27146,25163,23900,23250,23357,24228,25487,26783,26729,25277,21979,17213,12355,7592,3728,1727,626,254,69,sujo
0,1169,61,34,37,21,12,22,25,17,22,18,25,21,22,35,19,20,22,28,17,32,26,29,24,30,33,24,33,40,63,111,233,407,498,714,1000,1271,1622,2272,3150,3903,4562,5849,7087,7860,9156,10268,11174,12150,13595,15243,16379,17412,18094,17585,16231,15318,14542,14391,15161,16209,17466,19431,21101,22853,23905,24826,25055,23861,22751,21735,21245,19866,19048,17717,16223,15619,15315,14882,14132,13101,12578,11980,11358,11161,11039,10988,10878,10750,10722,11270,11852,12935,13843,14053,14879,15201,15041,16492,20908,31614,49924,75604,105367,135250,161100,182471,197426,205403,208935,209190,205302,199783,193693,187871,186249,185806,186689,191609,200913,211170,223699,231219,232506,228498,223263,215812,206745,193615,181506,174161,169630,167495,167474,166862,163191,160355,155743,150722,144605,138425,131648,125261,120382,119530,119038,118735,118360,119931,123939,127439,132181,136358,142044,147505,147003,143570,135938,125072,114057,105238,98193,94997,94312,93113,90942,89033,87832,86981,86566,86606,83296,79528,74976,71848,68923,67076,65942,64985,63954,61088,56994,52863,48942,44996,41737,38530,35277,33050,30030,27387,24389,22176,19970,18314,16641,15546,14785,13914,13553,13143,12461,11169,9783,8374,6694,5369,4100,3304,2886,2756,2891,3153,3406,3421,3121,2737,2098,1729,1595,1731,1761,1790,1845,1875,1887,1734,1764,1598,1570,1358,926,745,707,508,238,68,8,0,0,0,0,0,0,0,0,0,0,0,0,0,0,0,0,0,3,367,313,241,132,82,48,31,20,25,17,12,9,22,22,14,22,18,15,20,23,18,28,21,19,24,30,19,30,21,24,21,21,19,39,25,26,32,25,38,28,32,36,41,26,55,94,88,101,122,115,181,258,349,512,686,889,1155,1653,2567,3655,5367,8134,10755,12401,12671,11966,11904,11551,11580,11627,12200,13043,13849,15145,15833,15894,15059,14816,15022,15482,15335,15482,15327,15284,15967,16721,17059,16921,16580,15885,15362,15901,16282,16766,16578,16256,15636,15097,14705,14446,13993,13413,13241,13283,13935,15762,20680,30080,48612,74678,106716,138205,164691,185557,200385,211755,216084,216226,211728,205691,200763,200746,202892,208924,216236,223429,227572,230328,228661,220041,205951,194372,183175,175149,170112,167382,165320,160953,156080,152059,148737,146033,144576,144043,145365,145460,147115,146272,140585,130044,119865,111362,106029,102640,100413,100095,100550,101443,100643,99512,98856,98054,97261,95993,94904,93509,91920,90348,90686,91203,91701,91864,91924,93096,93205,94186,93791,92544,90468,88174,86668,85587,85295,86310,86254,87458,88224,87822,84901,80514,75567,71367,66720,63218,60711,58536,55713,53506,51840,49578,48261,47220,46238,43773,40332,35198,29765,24440,20206,17365,15430,14535,14114,14129,14371,14530,14186,13151,11950,10834,10215,9488,8702,7787,6958,6022,5321,4621,3990,3175,2717,2448,2302,2147,2240,2392,2595,2221,1377,601,208,42,4,1,1,1,3,2,1,1,0,1,0,2,0,202954,1,0,24,13,135,170,73,124,46,80,29,80,81,33,40,22,35,17,46,37,19,41,22,29,19,29,16,27,36,15,28,21,19,22,27,22,16,15,20,18,24,17,23,17,24,25,23,18,30,23,25,18,18,27,22,18,23,19,23,30,26,25,38,30,30,22,32,31,23,18,33,21,30,31,34,29,28,32,36,31,34,25,28,28,39,40,51,40,33,43,44,51,64,48,47,66,50,48,52,60,63,62,57,69,74,80,78,85,110,80,95,83,113,111,120,134,159,135,231,474,1474,5136,14614,31043,52714,76979,104259,129037,151505,170865,184010,190990,194763,198699,205039,212654,223757,230219,229512,219596,205712,191667,180830,173716,166858,158811,149003,141022,139972,145962,153980,159314,162696,160406,155532,150262,146766,143003,137566,128806,119802,113271,110382,108879,111172,113824,112409,106572,97603,89192,82977,79546,80068,81235,82300,82319,81850,81126,82265,83868,85383,85281,84301,84546,84468,82753,80284,77193,75632,72789,71381,69484,66779,64658,63491,61988,60680,58117,56504,55161,54462,53959,53520,53231,52421,50838,47494,43616,41254,39102,37390,35613,34336,32357,31378,30742,30326,30285,29756,29416,29345,29299,29350,29504,29233,29683,30073,30576,30815,31249,31774,33269,34937,37443,40847,45593,52273,60204,70618,83208,98962,115605,131009,141639,143649,140187,135019,131978,128903,127213,125895,123441,117141,104052,84604,sujo
0,0,0,0,0,0,0,0,0,0,0,0,0,0,0,0,0,0,0,0,0,0,0,0,0,0,0,0,0,0,0,0,0,0,0,1,3,50,182,880,3459,11190,26779,51701,86686,128637,175842,221722,260073,272867,256192,219104,172865,131790,98338,76372,63900,56684,53752,52419,51163,49349,47339,44393,42309,40666,38511,37388,36472,36906,36690,36877,36397,34602,34144,33274,35149,39192,45054,53226,61377,69262,76752,83790,88215,89576,89051,86791,83814,82271,82098,81542,80750,80034,80784,83433,87678,90269,93584,95551,99270,103939,107932,111630,115122,115620,113799,111753,108848,104893,99449,93944,88636,83369,79877,79353,83060,90750,101323,113124,126731,137654,147757,152612,152967,149151,141229,131076,118583,107154,98796,92390,89395,89345,93019,97977,102908,107793,110884,112938,114392,118078,121177,124774,126089,126943,126326,123265,118738,114032,111781,110334,111556,110238,108576,102973,96187,89189,82839,77201,72767,67869,62882,55127,46957,40133,33083,26677,20961,16735,13334,11099,9005,7433,5934,4847,4231,3687,3227,2742,2542,2160,1846,1475,1106,705,496,325,274,211,209,182,200,178,169,171,165,131,124,101,79,66,72,48,63,55,38,42,20,14,20,5,6,4,7,2,4,2,3,0,0,1,0,0,0,0,0,0,0,0,0,0,0,0,0,0,0,0,0,0,0,0,0,0,0,0,0,0,0,0,0,0,0,0,0,0,0,0,0,0,0,0,0,0,0,0,0,0,0,0,0,0,0,0,0,0,0,0,0,0,0,0,0,0,0,0,0,0,0,0,0,0,0,1,6,65,219,1035,3926,12295,27839,50474,78062,111790,156925,208683,252743,269429,256537,219821,172919,129744,94344,72148,59221,52644,49808,48383,48299,48848,49507,49084,47159,44508,42255,40955,39070,37829,37112,37517,37621,37271,36312,34708,33917,33297,34675,39073,44496,51855,59407,65000,70390,76335,82095,85317,86044,83753,81494,80504,82940,85736,88376,88929,87011,86129,88420,94219,105398,118658,132598,144969,151025,151777,148136,143329,137586,132498,127190,122209,117427,111734,105115,98885,93477,87432,84911,82702,85175,91002,102918,120743,139952,162003,190028,214114,232435,238669,235653,223053,208805,195554,180017,164958,149273,135830,124676,117934,114045,112103,108832,105702,101547,96851,92874,89931,86213,81322,74153,67456,60591,52961,45950,39310,34126,29687,26043,23247,19738,16437,13531,11077,8865,6829,5293,4155,3442,3114,2795,2687,2520,2401,2349,2204,2076,1970,2001,2003,2113,2297,2630,2787,2739,2592,2309,2134,1819,1420,1034,694,362,165,60,16,10,5,2,3,0,1,1,0,0,0,0,0,0,0,0,0,0,0,0,0,0,0,0,0,0,0,0,0,0,0,0,0,0,0,0,0,0,0,0,0,0,0,0,0,0,0,0,0,0,0,0,0,0,0,0,0,0,0,0,0,0,0,0,0,0,0,0,0,0,0,0,0,0,0,0,0,0,0,0,0,0,0,0,0,0,0,0,0,0,0,0,0,0,0,0,3,41,168,815,3284,10630,24277,43837,70567,104931,151670,203956,250472,269846,255881,216491,168922,126775,92516,70253,56922,49199,45414,43270,42371,42680,43245,43666,45330,46004,45195,44035,41863,40168,38571,37922,37063,36253,35546,34491,33463,32079,31530,30715,30010,29478,29278,29789,29869,30153,30560,31254,33558,38063,44611,52455,61013,68774,76948,84167,87864,88644,87791,86274,85708,86693,90061,93353,97317,100235,101001,100369,100548,101894,103780,105544,107911,109861,110477,113234,116151,117129,116586,114093,110351,104368,99896,96475,91893,87375,81501,77372,73635,69934,68481,68778,71238,75652,82579,90506,98767,106766,113313,118425,123370,129165,134499,140985,149624,163219,178620,189928,196024,193469,186407,173421,163344,151399,139037,127996,119793,111529,105407,98942,93793,90349,85614,82144,78318,73895,69444,63295,56595,50399,43686,36324,29533,23446,19074,15544,13100,11400,10600,10655,10482,10807,10792,10724,10404,9626,8614,7430,6476,5519,4679,3855,3231,2746,2252,1898,1600,1231,948,563,332,151,74,23,9,7,4,1,1,1,0,1,0,0,0,0,0,0,0,0,0,0,0,0,0,0,0,0,0,0,0,0,0,0,0,0,0,0,0,0,0,0,0,0,0,0,0,0,0,0,0,0,0,0,0,sujo
0,3395,394,171,121,113,115,119,130,156,148,136,103,106,139,140,160,131,153,147,139,130,139,131,128,97,136,146,157,133,124,164,133,139,149,171,181,441,1595,4206,6927,9702,12409,15455,22728,40837,73727,118691,163251,196029,221145,239763,248798,241028,215588,177987,135186,96855,72055,58969,52688,49002,45769,43105,40673,38683,37529,37023,36508,36932,36908,37136,37659,38279,40198,46669,58842,77628,98656,119838,134357,141847,140922,133319,122261,109024,96722,84544,75255,68271,66187,64841,63403,62322,62105,61595,61577,61516,61015,62498,64479,68036,72234,76884,81232,85054,86743,86055,85876,85638,86420,89861,95707,105061,119511,134607,145596,151836,152108,148894,144866,145653,148773,155267,162454,163838,156752,146764,134401,122903,111273,101590,95002,88765,84281,81680,80738,80798,82036,83924,86341,89272,94151,98889,104517,106733,108136,108401,107327,107087,108721,109829,112038,112546,110476,106607,102011,97861,92725,86925,79708,70509,59133,47538,37066,27871,19816,13426,8797,6007,4287,3504,3174,2727,2626,2330,2242,2280,2248,2380,2526,2632,2638,2560,2742,2747,2665,2429,2435,2099,1760,1340,937,608,387,288,239,233,189,189,150,144,141,128,114,113,95,96,101,78,69,50,30,24,10,5,3,1,1,0,0,0,0,0,0,0,0,0,0,0,0,0,0,0,0,0,0,0,0,0,0,0,0,0,0,0,0,0,0,0,0,0,0,0,0,0,0,3388,401,160,97,100,114,101,95,126,119,129,150,121,101,116,130,142,162,139,135,165,131,126,147,123,139,116,141,155,139,147,146,155,138,150,159,184,179,175,171,446,1635,4467,7951,13136,21787,38687,68931,110255,150915,179283,194693,200840,208882,219137,221288,201989,164022,121991,89140,67185,55610,51039,48742,47383,44606,41541,40028,39090,37995,36785,36881,37390,37822,38262,37333,36355,36257,37937,43234,52152,67173,88562,114371,137472,150910,155101,150143,138752,125762,116646,116087,124094,141252,157898,166841,165158,153411,136827,122247,114062,112935,113105,114493,115400,113289,110537,108892,107727,109516,110888,111913,112150,110641,106700,102079,97552,93865,90153,86590,83264,81246,81379,87073,95514,106492,117825,132726,150690,167451,181617,190094,194133,188044,177442,165629,150098,133994,118913,107205,99337,95625,95435,92947,89890,86724,84559,81386,77654,72315,65550,56433,47600,38283,29561,22247,18031,17239,19207,23590,28189,30112,29350,26549,22826,18802,14803,10856,8137,6435,5242,4666,4159,3671,3443,3111,2861,2632,2443,2319,2317,2219,2165,2106,1997,2111,2022,2188,2424,2523,2669,2642,2782,2669,2513,2125,1683,1155,759,362,156,35,14,6,1,1,0,0,0,0,0,0,0,0,0,0,0,0,0,0,0,0,0,0,0,0,0,0,0,0,0,0,0,0,0,0,0,0,0,0,0,0,0,0,0,0,0,0,0,0,0,0,0,0,0,0,3637,411,204,170,175,151,163,144,112,126,128,129,138,144,129,142,140,126,134,125,106,120,118,118,121,137,143,114,126,137,142,146,147,154,171,172,140,156,159,437,1613,4481,7914,12947,21272,37519,67050,107732,148186,178619,198831,210449,218745,220687,211433,184702,146161,106406,76183,57342,47901,44356,43244,44139,44826,45544,45161,44083,42329,40402,38940,38459,37827,37300,35490,34048,33257,31916,31431,31335,30804,30294,29989,30197,30584,33223,36665,42510,51400,64405,80784,99289,120519,141534,157634,168438,170757,167730,162674,156124,149880,146628,141824,136337,131559,126390,120748,115587,110083,106124,101392,97253,94784,94187,93727,93965,94169,92039,90371,88803,87331,86290,87155,86375,84848,83259,80647,78643,74681,69014,64129,59652,56652,56563,57140,59224,59938,62078,65920,71340,79083,88846,100486,111950,120978,125187,129296,135918,141622,147893,149564,148322,140518,133900,125058,116138,107220,99223,92895,87895,83217,78588,73933,70981,67412,65077,63520,62193,62111,62819,62203,58160,51917,44060,37086,31266,25112,19994,16011,12877,10472,8636,6757,5370,4273,3441,2927,2710,2594,2628,2447,2371,2366,2344,2518,2702,2832,2930,2857,2824,2721,2418,2038,1551,1153,684,401,167,87,9,6,2,0,0,0,0,0,0,0,0,0,0,0,0,0,0,0,0,0,0,0,0,0,0,0,0,0,0,0,0,0,0,0,0,0,0,0,0,0,0,0,0,0,0,0,sujo
0,3530,318,75,40,44,32,37,56,36,39,48,32,52,45,42,39,32,45,43,49,50,62,59,72,69,68,52,59,47,70,74,57,94,220,806,2182,4102,7093,12224,19637,29740,43439,61164,77537,88087,101544,118304,134357,145793,154097,163330,173733,185103,196457,196162,181201,157034,129291,103814,81188,64399,52980,45910,41409,38610,36807,35963,36107,36976,39750,44727,49472,53387,56141,58335,63166,71777,85911,99174,108338,112497,112387,109923,107223,105086,102511,99387,94703,90198,86466,83724,82213,81026,80312,80765,81316,82299,84303,87693,92804,98405,103144,107359,107126,106833,106493,107549,110556,113374,114658,112835,107494,100116,94374,90360,87937,88022,91396,96580,102774,109626,114589,122980,131520,138469,145401,149592,146890,139769,129820,119925,107970,96157,87131,82172,80857,82040,85643,88568,92018,95794,100146,105684,109522,111309,113051,113267,110911,108508,105935,102693,97406,92153,86525,81340,76276,71958,67369,62514,55721,48869,41251,34240,27812,22276,17407,13134,10500,7934,6182,4871,3737,3022,2544,2108,1868,1662,1648,1663,1816,1904,1876,1960,1944,1858,1866,1999,2156,2441,2499,2345,2109,1638,1155,717,475,272,149,97,56,22,7,4,8,5,3,3,1,1,1,0,0,0,0,0,0,0,0,0,0,0,0,0,0,0,0,0,0,0,0,0,0,0,0,0,0,0,0,0,0,0,0,0,0,0,0,0,0,0,0,0,0,0,0,0,0,3426,380,93,38,37,34,32,43,44,49,37,36,46,35,44,37,40,37,37,49,45,48,47,56,48,62,60,69,64,47,61,65,56,62,91,215,787,2117,3830,6198,10618,17827,28161,42155,60083,75786,85274,97839,113918,129425,140061,149136,160192,172274,184172,195665,194737,179904,157095,129045,103170,80944,64869,53949,47363,42592,39715,37947,36811,35438,33753,33535,35348,37352,39234,41520,44632,48891,57069,70354,87243,106536,126241,144285,158341,166546,171286,172847,170570,164543,152203,140723,132639,129675,129771,129229,126758,120249,114082,108417,105002,103136,100467,98360,96349,94136,93684,93814,96073,99666,101839,101597,97172,91601,86365,82562,79148,76984,78387,80837,85912,91354,96969,103793,108598,111919,115190,121951,129786,138327,148015,158071,169183,174747,174669,168374,157134,142006,126645,111252,97686,88251,83157,79151,77990,75569,72369,67805,62543,56872,50644,46023,42391,40733,40796,43069,45187,46915,45578,42733,36726,30700,24329,18031,13081,9331,6768,5311,4571,4326,4199,3892,3644,3210,2828,2488,2177,1896,1739,1677,1564,1543,1625,1617,1592,1518,1568,1638,1847,2047,2153,2245,2315,2436,2495,2753,2812,2654,2363,1780,1282,840,519,282,172,108,55,28,14,10,10,7,2,2,1,3,1,0,0,0,0,0,0,0,0,0,0,0,0,0,0,0,0,0,0,0,0,0,0,0,0,0,0,0,0,0,0,0,0,0,0,0,0,0,0,0,3561,283,122,40,49,48,43,41,48,39,44,40,40,42,42,43,49,51,59,50,47,60,51,58,65,58,65,53,68,50,72,61,60,94,232,802,2138,3827,6195,10472,17366,27113,40523,57931,73434,82912,95095,110214,124298,133832,142702,155320,169657,185085,198880,197390,180540,153948,122980,96501,74845,60726,51785,46646,43156,41000,39724,38422,36837,34751,33665,34008,35197,35106,35028,34608,34213,33636,34011,34813,37672,41221,45696,51468,57785,66135,74872,84037,95639,110257,128017,147195,164527,174924,174345,164786,151353,139618,131874,126872,125543,124559,122511,119557,115510,110145,104396,97978,91163,85916,80277,77546,77054,78342,79894,81036,80321,79660,78212,78470,78210,76846,74890,71639,68547,64663,62494,60756,59410,58125,56364,55740,55640,58406,61376,64784,66425,67420,70143,75301,82168,91432,100928,108134,113741,116117,116476,116304,117928,123188,131152,137451,140646,140199,136008,129083,119586,108393,95610,86430,78706,74074,71951,73121,75552,77449,78759,77419,73464,65955,56956,47655,38221,30474,24119,19399,16652,15189,13971,12705,11188,9824,8117,6621,5342,4239,3265,2623,2264,2004,1822,1800,1738,1738,1766,1973,2131,2238,2382,2460,2605,2826,2929,2943,2710,2323,1736,1202,785,423,207,132,67,29,20,9,14,3,7,2,4,1,1,0,0,0,0,0,0,0,0,0,0,0,0,0,0,0,0,0,0,0,0,0,0,0,0,0,0,0,0,0,0,0,0,sujo
0,1396,283,100,59,59,63,48,64,61,64,72,52,74,77,83,119,116,92,84,70,94,76,76,88,90,101,109,114,98,138,315,1266,4287,8212,10485,11184,11694,12608,13762,18375,25406,32804,39560,49500,66233,92627,120986,141985,154954,171310,198482,231270,260939,271434,248589,199303,143875,103491,81712,69679,63567,59903,56541,51847,46966,43362,40892,39342,38933,39885,42337,45048,46179,46832,47231,49051,51822,58164,68632,82525,97670,108415,115536,120020,124386,127902,130793,130753,131630,132256,133916,133678,129341,121504,114225,105992,98722,92636,92264,103067,130598,178467,247791,339143,428675,492719,512005,492944,435742,353934,273952,206831,157266,122909,101181,90984,88461,94985,107597,115738,116043,110424,100713,87505,72383,56900,43464,32101,24618,18820,15376,13061,11812,10458,9596,8599,7661,7137,6131,5797,5314,5098,4817,4641,4521,4385,4228,4072,3972,3920,3935,4001,4303,4253,4444,4217,4108,4177,4363,4262,4349,4390,3763,2616,1667,892,418,161,48,14,6,7,4,1,0,0,0,0,0,0,0,0,0,0,0,0,0,0,0,0,0,0,0,0,0,0,0,0,0,0,0,0,0,0,0,0,0,0,0,0,0,0,0,0,0,0,0,0,0,0,0,0,0,0,0,0,0,0,0,0,0,0,0,0,0,0,0,0,0,0,0,0,0,0,0,0,0,0,0,0,0,0,0,0,0,0,1149,407,153,67,45,47,44,56,51,54,58,72,73,72,70,87,114,110,82,92,79,94,80,83,81,86,83,105,122,131,207,820,3049,6806,10213,12039,12748,13153,12771,13896,15432,18898,24322,30540,37314,47886,65123,91289,119773,140777,152776,169085,196932,230206,260467,271549,249285,200331,144939,104485,82487,70043,62983,58963,56159,52743,49590,47288,45491,44197,43370,43936,44997,45927,46296,46513,45679,45675,45803,47936,51937,58756,68938,81365,95572,106920,114759,120316,123690,124421,124497,125031,128018,133144,137363,138327,134892,127807,122228,122639,133865,159909,197620,240956,280567,298191,291756,268981,245757,231795,231369,243996,267780,287814,291633,274016,242154,204807,161999,123837,92031,68891,52533,44033,41170,43060,52683,69971,90955,105028,107808,102640,91327,76801,60980,45186,32186,22304,16679,12786,10630,9228,8551,7733,7015,6501,5885,5405,4794,4601,4319,4128,3966,3900,3716,3695,3528,3411,3316,3312,3445,3687,4010,4030,4163,4008,3980,4040,4082,4050,4165,4223,3587,2462,1582,839,356,116,27,6,0,0,0,0,0,0,0,0,0,0,0,0,0,0,0,0,0,0,0,0,0,0,0,0,0,0,0,0,0,0,0,0,0,0,0,0,0,0,0,0,0,0,0,0,0,0,0,0,0,0,0,0,0,0,0,0,0,0,0,0,0,0,0,0,0,0,0,0,0,0,0,0,0,0,0,0,1696,177,114,86,77,69,69,76,101,96,93,97,75,86,89,77,87,57,78,88,67,86,106,127,118,99,233,679,1968,3911,5817,7432,8322,9228,10487,11975,12561,14877,18943,25198,30917,35803,43001,56357,76850,96351,107835,111179,115576,128888,155651,195425,237098,265175,266730,235196,182821,129944,93934,75219,65025,59316,55020,51745,47238,43604,41282,39986,39223,39186,40220,42400,43493,44041,44439,44427,44627,44698,45489,45870,46317,46669,46047,46346,46428,48253,49635,51902,55709,59912,68420,81254,99287,118152,131633,136665,136577,131634,123318,113398,103672,97563,93884,92267,90433,88238,83874,76071,67379,58778,51798,47786,45796,45078,45168,44974,45711,47672,52676,63009,83973,120399,171204,225805,274446,311411,334502,343054,342656,338556,326549,305907,271249,230974,186407,144428,112032,96196,97988,111716,122558,121300,110455,96854,78930,59618,41800,29032,22165,17842,15754,13436,11993,10536,9540,8179,7267,6571,6030,5558,5089,4826,4633,4403,4139,4107,4051,3969,3912,3802,3763,3948,4098,3951,3990,3743,3630,3583,3712,3815,4023,4139,3659,2566,1720,930,428,160,40,14,2,1,0,0,0,0,0,0,0,0,0,0,0,0,0,0,0,0,0,0,0,0,0,0,0,0,0,0,0,0,0,0,0,0,0,0,0,0,0,0,0,0,0,0,0,0,0,0,0,0,0,0,0,0,0,0,0,0,0,0,0,0,0,0,0,sujo
0,0,0,0,0,0,0,0,0,0,0,0,0,0,0,0,0,0,0,0,0,0,0,0,0,1,2,0,2,6,15,61,240,790,2392,6167,13264,24126,36676,51316,69216,95896,127044,161604,189011,205172,208140,203261,191445,175287,159834,146360,137769,130583,125799,121465,117303,114019,111252,109978,111420,115144,118343,118357,113805,108402,102082,98664,97516,99637,102378,104967,107295,108765,111266,114176,115941,118092,116295,115258,112243,108740,104496,99974,95017,89809,83822,77874,71676,65627,59950,55824,52277,50222,50615,52736,56952,63303,70694,78802,87457,97988,109805,122041,136012,152344,171083,193718,222016,250971,277065,295738,306442,303846,292032,273602,248224,220319,191628,163160,139222,116919,97876,82977,70778,61944,53933,48735,44107,39411,35480,32168,28712,25874,23113,20735,18588,16609,14984,13483,11990,11076,10055,9079,8245,7740,7231,6813,6366,6074,6241,6029,6021,5893,5687,5410,4939,4445,4169,3900,3529,3226,2907,2604,2199,1907,1792,1558,1256,1065,995,804,709,576,542,415,396,331,240,166,120,81,44,30,10,4,0,0,0,0,0,0,0,0,0,0,0,0,0,0,0,0,0,0,0,0,0,0,0,0,0,0,0,0,0,0,0,0,0,0,0,0,0,0,0,0,0,0,0,0,0,0,0,0,0,0,0,0,0,0,0,0,0,0,0,0,0,0,0,0,0,0,0,0,0,0,0,0,0,0,0,0,0,0,0,0,0,0,0,0,0,0,0,0,0,0,0,0,0,0,0,1,2,1,4,18,54,228,716,2077,5320,11600,21334,33265,46020,59876,79781,104372,133403,162034,183139,195478,196856,191669,181000,167470,156383,147447,144738,144489,149274,156256,163107,165346,161173,149190,133359,116381,101266,89324,79878,72725,68779,68400,71158,75610,81120,87559,92526,97047,101841,105830,109007,111037,110998,109305,106892,104126,98788,94974,89653,85651,80517,75614,69327,64076,57919,52904,48536,44714,42584,40926,39635,39677,41480,45685,51745,58799,66743,74430,81097,86490,90235,92095,92930,92176,90215,86855,86213,85658,86312,88388,88203,86908,84923,81974,77532,73349,70076,67304,64929,62832,60632,60890,64316,72127,81891,96157,111362,126875,143672,160700,178691,197469,212874,220578,220508,211246,195779,175546,152752,128715,106302,84781,66389,50803,38267,28159,21015,16122,13211,11142,9897,9186,8529,8087,7471,6677,6144,5855,5234,4895,4381,4029,3589,3219,2946,2475,2075,1835,1441,1082,921,723,569,465,330,246,148,95,59,33,16,10,3,2,2,0,0,0,0,0,0,0,0,0,0,0,0,0,0,0,0,0,0,0,0,0,0,0,0,0,0,0,0,0,0,0,0,0,0,0,0,0,0,0,0,0,0,0,0,0,0,0,0,0,0,0,0,0,0,0,0,0,0,0,0,0,0,0,0,0,0,0,0,0,0,0,0,0,0,0,0,0,0,0,0,0,0,0,0,0,0,0,0,2,7,13,41,152,460,1289,2888,5714,10613,17876,26914,36798,48697,61276,79196,101860,129320,158525,183118,201824,212523,219106,220422,218098,216186,212694,209168,202353,193785,179565,163144,143707,125029,105817,87659,73319,60472,51203,43608,38139,34366,31844,32130,34184,38946,46286,54227,61999,68910,74689,79551,83653,87752,92075,95475,98352,99167,98903,97011,92942,87933,83608,78414,73612,68249,64900,61072,57558,54003,50952,47266,43734,40931,37677,34255,32551,31028,30529,31425,33656,37154,42022,47220,53177,57923,62174,64653,66349,66294,65202,63790,61378,58214,55299,53386,52327,51694,51777,51836,51471,51947,51965,54228,55210,57432,58890,59346,60285,60660,60529,59614,58838,56918,55716,54804,53600,52127,51996,51354,50075,49199,48046,46289,44154,42173,39843,36828,34514,31970,29943,28433,27543,26738,27235,28750,32287,39087,49211,64744,82126,101510,118186,132124,143467,152066,156643,162052,166221,167749,163632,157230,148287,135733,122187,105628,87655,70539,54758,41368,30204,21320,14076,8298,4712,2674,1535,977,688,513,477,340,277,172,129,84,31,30,21,6,4,5,1,3,2,2,1,0,0,1,0,0,0,0,0,0,0,0,0,0,0,0,0,0,0,0,0,0,0,0,0,0,0,0,0,0,0,0,0,0,0,0,0,0,0,0,0,0,0,0,0,0,0,sujo
0,539,1710,235,233,130,149,141,122,107,110,74,70,70,75,68,89,90,105,111,125,153,118,140,133,171,156,185,199,234,239,245,256,281,254,326,360,654,1547,4385,11494,25100,44682,68372,90938,110388,125557,137548,150008,160811,171100,180696,188776,195141,200293,203631,202597,194496,180812,163124,146174,131731,118918,108652,100359,92847,86120,80045,75163,70799,71415,77586,91850,111181,131833,147855,157151,155955,148240,136406,124179,113823,106277,100190,97188,93868,92262,88664,83620,79443,73868,69829,68251,70772,80440,98043,124204,155136,184727,206112,217668,221804,222346,220007,218475,219190,222152,224745,225964,224648,219545,209290,194337,177240,160062,142783,126621,113681,102396,93965,88127,84852,82427,79880,76192,71859,66400,60070,52557,45822,38523,32056,26993,22482,18763,16048,14013,12533,11161,9934,9149,8465,7771,7257,6833,6483,5857,5651,5372,5165,5128,4920,4889,4756,4817,4588,4592,4376,4261,3829,3591,3374,2991,2779,2527,2391,2342,2245,2266,2267,2271,2113,2302,2216,2138,1919,1758,1508,1243,941,705,473,316,194,100,56,49,15,5,4,1,1,0,0,0,0,0,0,0,0,0,0,0,0,0,0,0,0,0,0,0,0,0,0,0,0,0,0,0,0,0,0,0,0,0,0,0,0,0,0,0,0,0,0,0,0,0,0,0,0,0,0,0,0,0,0,0,0,0,0,0,0,0,0,0,0,0,2291,460,276,191,166,107,100,91,96,98,92,123,126,136,115,103,136,133,154,159,170,155,158,189,170,202,202,193,240,241,257,291,339,520,955,1716,3555,6724,12665,22943,39127,59315,82861,105091,123388,133561,139730,144283,150454,159217,168804,177867,186163,192775,198378,200220,194707,183833,168151,151863,137377,123825,111698,101009,90097,81289,73122,65728,60704,61287,67241,81822,101200,122114,138514,148018,147262,139359,127360,115012,104088,95875,90692,87400,85653,84654,83547,81044,76686,72201,65451,59497,53237,47793,43813,40441,37132,34519,32623,31049,30630,30100,30881,31845,34043,36243,38967,44153,50350,60510,73574,91401,113168,140710,170074,203452,236509,265605,286265,299645,302216,297827,284481,267934,245238,220483,193503,168114,146114,130958,117615,105895,96071,86164,77314,69075,60334,52147,44367,36946,30858,25885,21731,18587,16377,14011,12223,10545,9311,8438,8213,7543,7365,6921,6498,6029,5689,5214,5189,4895,4805,4770,4619,4371,4201,3978,3566,3403,3201,2903,2927,2570,2491,2318,2254,2229,2161,2137,2174,2350,2270,2458,2320,2146,1869,1497,1128,826,554,350,211,124,53,34,19,7,1,2,0,1,0,0,0,0,0,0,0,0,0,0,0,0,0,0,0,0,0,0,0,0,0,0,0,0,0,0,0,0,0,0,0,0,0,0,0,0,0,0,0,0,0,0,0,0,0,0,0,0,0,0,0,0,0,0,0,0,3658,356,250,215,194,150,145,136,174,158,144,191,186,173,183,186,191,210,212,229,232,248,240,246,252,319,336,488,805,1230,2176,3525,5311,7739,10954,15869,22575,31599,42203,55625,72872,95254,119292,139416,151153,156317,158697,160411,158952,158696,160688,165672,177340,190465,201449,204804,197133,182957,164233,144313,124163,104516,86273,70005,56377,45243,37238,32244,29554,31618,38374,51493,68718,87494,103752,115959,120757,120820,115684,106933,96862,87430,79252,74302,70859,69522,69191,69688,70779,71781,72656,72044,69935,67209,62754,57350,51687,45731,40545,36109,32618,29614,27382,25696,24803,24053,23415,23287,22960,23161,23040,22966,23021,23180,23439,23892,24429,25379,26086,27673,29495,32283,36017,40915,46948,54507,63298,72106,81785,92034,101614,111074,120798,130805,140380,147073,150653,150191,145071,138003,131667,124842,119467,115815,114718,115764,120773,129637,140170,150651,158452,162250,163535,164629,166472,166990,161061,151433,137536,120514,102428,85030,68133,53423,41520,31548,23953,17820,13740,11098,9048,7803,6679,5956,5298,4642,4461,3993,3723,3504,3171,2913,2709,2412,2220,2110,2026,1991,2011,2133,2085,2113,2292,2202,2109,1898,1597,1286,1036,695,467,312,188,136,85,57,33,25,24,11,3,2,0,0,0,0,0,0,0,0,0,0,0,0,0,0,0,0,0,0,0,0,0,0,0,0,0,0,0,0,0,0,0,0,0,0,0,0,0,0,0,0,0,0,0,sujo
0,0,1,0,133,384,302,378,263,167,141,148,155,146,137,95,129,148,154,178,181,213,199,216,244,241,266,255,236,278,278,290,288,346,454,855,2225,6142,13868,27950,47582,70906,94077,109764,116581,118582,121081,129590,143467,161152,178239,191240,195102,191612,180380,162636,143267,126178,109890,97231,86577,79126,73337,69503,66596,65402,65753,68026,73693,83378,98090,115402,131600,143418,148707,145961,139181,129865,119734,111023,103563,98836,95482,93012,90475,87150,83137,77961,73366,67638,62333,59083,57736,60363,66454,77382,92699,111450,134146,159933,186883,210775,229682,242474,249615,255519,262387,267677,272040,273243,265872,251350,232678,209116,182820,158099,136043,118173,104799,95319,89705,86894,85038,84734,83298,81217,77550,72888,67256,60400,53007,45627,38709,32973,28550,24707,21361,18855,16413,14830,13018,11429,10509,9545,8920,8575,8058,7566,7192,6776,6285,5951,5885,5643,5244,5150,4768,4698,4254,4054,3903,3748,3634,3211,3016,2818,2648,2524,2497,2623,2605,2740,2813,2883,2661,2492,2084,1717,1326,978,679,458,292,161,100,43,21,10,6,0,0,1,0,0,0,0,0,0,0,0,0,0,0,0,0,0,0,0,0,0,0,0,0,0,0,0,0,0,0,0,0,0,0,0,0,0,0,0,0,0,0,0,0,0,0,0,0,0,0,0,0,0,0,0,0,0,0,0,0,0,0,0,0,0,0,0,0,825,417,326,265,210,178,157,115,153,123,175,195,219,205,181,187,207,220,203,210,237,200,244,243,248,241,272,302,291,340,336,467,855,1896,5046,11681,22545,38867,58964,80630,101871,117662,125700,127838,128435,131340,136628,146314,156894,165664,171318,171751,168815,161609,152154,140773,128514,115908,102583,89876,79755,71870,65441,60236,56555,53984,54541,59137,68548,84339,102903,121188,134516,140991,139477,133289,123758,113643,104572,96593,91851,87972,86065,84576,81504,78492,73967,68765,63448,56329,50630,45697,41457,39065,36897,36000,34460,33490,33220,32810,32176,32705,33171,34950,36893,39214,42948,47942,55431,66053,79647,100165,126972,159350,194697,227400,254607,271133,275710,269123,257308,241151,224474,210844,199722,190650,182442,175887,171112,168126,165063,159032,151387,139975,128210,116171,102961,88595,74593,61916,51507,42706,34661,28447,23677,19707,16651,14369,12545,11433,10295,9789,9332,8660,8067,7488,6809,6600,6020,5708,5368,5100,4622,4347,4081,3827,3616,3316,3150,3125,2919,2881,2687,2548,2517,2359,2436,2384,2563,2656,2700,2674,2569,2295,1858,1463,1167,777,523,347,169,121,58,26,7,7,3,1,1,1,0,0,0,0,0,0,0,0,0,0,0,0,0,0,0,0,0,0,0,0,0,0,0,0,0,0,0,0,0,0,0,0,0,0,0,0,0,0,0,0,0,0,0,0,0,0,0,0,0,0,0,0,0,0,0,0,3248,415,297,243,227,226,209,217,227,241,295,263,285,258,239,299,277,267,255,286,280,297,324,348,394,511,834,1450,3043,5600,9950,16203,24628,35684,49054,68604,94728,123196,145113,155713,154356,148023,139986,134804,130774,130996,134479,143067,153414,163121,169747,168328,160036,145145,126804,107842,88962,71716,57883,46987,37970,31483,27399,24243,23602,24641,28990,37655,50746,68828,88556,107142,120274,126090,124120,117909,108458,98574,91012,83580,78123,74520,73448,72574,71458,71570,70847,69130,66246,63403,59465,54929,50324,45824,40676,36749,32917,30042,27423,26130,25200,24443,24334,24144,24134,24426,25018,25253,25827,26175,26287,26402,26243,26336,26081,26638,26994,28176,30339,33101,37298,42789,47994,55251,62704,70855,80595,91447,103999,115871,128115,139299,147543,152124,151520,145739,138208,128753,120376,114156,111590,112032,116057,122226,131537,142048,150630,156243,155808,151320,144485,136382,126410,120120,114463,112036,111556,112148,114162,114521,112623,107374,99913,91934,83750,75331,67291,59414,51269,42892,35457,28100,21925,16820,12905,10051,7576,5916,4811,4250,3806,3350,2923,2689,2476,2335,2326,2420,2441,2614,2703,2682,2699,2469,2159,1749,1454,1105,744,512,339,197,131,86,67,46,37,42,28,18,12,8,2,0,0,0,0,0,0,0,0,0,0,0,0,0,0,0,0,0,0,0,0,0,0,0,0,0,0,0,0,0,0,0,0,0,0,0,0,0,0,0,0,0,0,sujo
